Date,Adj Close,name,code,dollar,Dubai,Brent,Oman,WTI
2020-02-14,28500.0,일진다이아,081000,1181.5,55.23,57.32,55.73,52.05
2020-02-18,28300.0,일진다이아,081000,1182.2,55.11,57.75,55.56,52.05
2020-02-19,27950.0,일진다이아,081000,1188.1,56.39,59.12,56.87,53.29
2020-02-20,29350.0,일진다이아,081000,1190.8,56.92,59.31,57.52,53.78
2020-02-21,28400.0,일진다이아,081000,1197.0,56.41,58.5,57.3,53.38
2020-02-24,27250.0,일진다이아,081000,1205.6,54.64,56.3,55.16,51.43
2020-02-25,27250.0,일진다이아,081000,1217.7,54.48,54.95,55.07,49.9
2020-02-26,27000.0,일진다이아,081000,1212.7,52.28,53.43,52.52,48.73
2020-02-27,26350.0,일진다이아,081000,1216.8,50.62,52.18,50.99,47.09
2020-02-28,23950.0,일진다이아,081000,1215.9,49.05,50.52,49.25,44.76
2020-03-02,24050.0,일진다이아,081000,1215.3,50.58,51.9,50.87,46.75
2020-03-03,24450.0,일진다이아,081000,1200.3,51.72,51.86,51.91,47.18
2020-03-04,25200.0,일진다이아,081000,1191.4,50.81,51.13,51.11,46.78
2020-03-05,25050.0,일진다이아,081000,1186.4,50.78,49.99,50.93,45.9
2020-03-06,24500.0,일진다이아,081000,1185.0,48.58,45.27,48.87,41.28
2020-03-09,24500.0,일진다이아,081000,1191.4,32.87,34.36,33.16,31.13
2020-03-10,22200.0,일진다이아,081000,1201.4,34.18,37.22,34.22,34.36
2020-03-11,20500.0,일진다이아,081000,1196.7,34.58,35.79,34.78,32.98
2020-03-12,20500.0,일진다이아,081000,1192.8,32.69,33.22,32.96,31.5
2020-03-13,17500.0,일진다이아,081000,1202.0,33.93,33.85,34.06,31.73
2020-03-16,16250.0,일진다이아,081000,1222.2,31.49,30.05,31.48,28.7
2020-03-17,15900.0,일진다이아,081000,1219.6,30.83,28.73,30.97,26.95
2020-03-18,14000.0,일진다이아,081000,1241.2,28.26,24.88,28.71,20.37
2020-03-19,11050.0,일진다이아,081000,1237.8,25.82,28.47,27.76,25.22
2020-03-20,12250.0,일진다이아,081000,1280.1,28.67,26.98,29.41,22.43
2020-03-23,11000.0,일진다이아,081000,1254.1,24.6,27.03,25.34,23.36
2020-03-24,12900.0,일진다이아,081000,1274.6,26.64,27.15,27.02,24.01
2020-03-25,15800.0,일진다이아,081000,1256.0,27.05,27.39,27.32,24.49
2020-03-26,15900.0,일진다이아,081000,1230.7,25.74,26.34,25.74,22.6
2020-03-27,16000.0,일진다이아,081000,1227.9,25.04,24.93,25.08,21.51
2020-03-30,15550.0,일진다이아,081000,1212.4,23.24,22.76,23.25,20.09
2020-03-31,15700.0,일진다이아,081000,1222.6,23.43,22.74,23.43,20.48
2020-04-01,15500.0,일진다이아,081000,1220.0,21.23,24.74,21.41,20.31
2020-04-02,16050.0,일진다이아,081000,1222.2,21.55,29.94,21.57,25.32
2020-04-03,16850.0,일진다이아,081000,1237.6,24.51,34.11,24.53,28.34
2020-04-06,18200.0,일진다이아,081000,1229.8,24.87,33.05,24.86,26.08
2020-04-07,19650.0,일진다이아,081000,1233.4,24.88,31.87,24.88,23.63
2020-04-08,20100.0,일진다이아,081000,1222.4,23.52,32.84,23.55,25.09
2020-04-09,20450.0,일진다이아,081000,1219.7,23.32,31.48,23.32,22.76
2020-04-13,19700.0,일진다이아,081000,1212.3,22.31,31.74,22.3,22.41
2020-04-14,20800.0,일진다이아,081000,1218.7,21.66,29.6,21.67,20.11
2020-04-16,22500.0,일진다이아,081000,1216.7,19.72,27.82,19.83,19.87
2020-04-17,23400.0,일진다이아,081000,1227.5,20.61,28.08,20.81,18.27
2020-04-20,24500.0,일진다이아,081000,1219.3,20.78,25.57,20.88,-37.63
2020-04-21,24450.0,일진다이아,081000,1218.7,17.37,19.33,17.36,10.01
2020-04-22,24150.0,일진다이아,081000,1231.3,13.52,20.37,13.52,13.78
2020-04-23,24150.0,일진다이아,081000,1235.2,18.13,21.33,18.14,16.5
2020-04-24,23350.0,일진다이아,081000,1232.0,18.17,21.44,18.18,16.94
2020-04-27,23850.0,일진다이아,081000,1235.8,17.97,19.99,17.96,12.78
2020-04-28,23500.0,일진다이아,081000,1230.3,16.63,20.46,16.76,12.34
2020-04-29,23400.0,일진다이아,081000,1225.2,17.12,22.54,17.58,15.06
2020-05-04,23200.0,일진다이아,081000,1218.5,24.33,27.2,25.12,20.39
2020-05-06,23550.0,일진다이아,081000,1227.8,26.88,29.72,27.44,23.99
2020-05-07,23750.0,일진다이아,081000,1223.3,26.88,29.72,27.44,23.99
2020-05-08,24100.0,일진다이아,081000,1226.5,25.92,30.97,26.31,24.74
2020-05-11,23750.0,일진다이아,081000,1217.7,26.72,29.63,27.07,24.14
2020-05-12,23300.0,일진다이아,081000,1217.8,26.93,29.98,27.3,25.78
2020-05-13,24500.0,일진다이아,081000,1226.7,26.84,29.19,27.39,25.29
2020-05-14,23900.0,일진다이아,081000,1226.3,29.83,31.13,30.22,27.56
2020-05-15,24550.0,일진다이아,081000,1227.9,31.94,32.5,32.44,29.43
2020-05-18,26750.0,일진다이아,081000,1229.3,32.9,34.81,33.44,31.82
2020-05-19,26850.0,일진다이아,081000,1231.6,33.18,34.65,33.24,32.5
2020-05-20,26950.0,일진다이아,081000,1224.5,32.95,35.75,33.02,33.49
2020-05-21,27550.0,일진다이아,081000,1227.8,34.1,36.06,34.08,33.92
2020-05-22,26750.0,일진다이아,081000,1230.7,32.62,35.13,32.6,33.25
2020-05-26,27800.0,일진다이아,081000,1242.0,34.81,36.17,34.81,34.35
2020-05-27,28300.0,일진다이아,081000,1237.1,34.48,34.74,34.48,32.81
2020-05-28,27400.0,일진다이아,081000,1233.7,33.17,35.29,33.18,33.71
2020-05-29,27400.0,일진다이아,081000,1239.4,34.86,35.33,35.17,35.49
2020-06-01,28000.0,일진다이아,081000,1237.6,37.97,38.32,38.47,35.44
2020-06-02,27800.0,일진다이아,081000,1227.8,38.93,39.57,39.08,36.81
2020-06-03,27800.0,일진다이아,081000,1224.1,39.87,39.79,39.95,37.29
2020-06-04,27800.0,일진다이아,081000,1216.9,38.82,39.99,38.92,37.41
2020-06-05,28200.0,일진다이아,081000,1217.4,40.63,42.3,40.68,39.55
2020-06-08,29250.0,일진다이아,081000,1213.1,42.94,40.8,43.04,38.19
2020-06-09,31900.0,일진다이아,081000,1204.2,40.85,41.18,40.88,38.94
2020-06-10,32400.0,일진다이아,081000,1197.7,40.91,41.73,40.9,39.6
2020-06-11,35850.0,일진다이아,081000,1194.4,40.6,38.55,40.61,36.34
2020-06-12,36900.0,일진다이아,081000,1192.8,38.42,38.73,38.45,36.26
2020-06-15,31850.0,일진다이아,081000,1206.6,38.35,39.72,38.35,37.12
2020-06-16,35000.0,일진다이아,081000,1210.8,40.29,40.96,40.27,38.38
2020-06-17,34400.0,일진다이아,081000,1206.6,41.46,40.71,41.5,37.96
2020-06-18,32400.0,일진다이아,081000,1214.5,41.09,41.51,41.14,38.84
2020-06-19,33050.0,일진다이아,081000,1213.0,42.95,42.19,42.96,39.75
2020-06-22,36250.0,일진다이아,081000,1212.0,42.32,43.08,42.32,40.46
2020-06-23,41450.0,일진다이아,081000,1213.2,43.39,42.63,43.38,40.37
2020-06-24,40100.0,일진다이아,081000,1210.1,42.49,40.31,42.49,38.01
2020-06-25,40000.0,일진다이아,081000,1202.9,40.58,41.05,40.58,38.72
2020-06-26,40100.0,일진다이아,081000,1205.2,42.02,41.02,42.02,38.49
2020-06-29,41200.0,일진다이아,081000,1198.6,40.63,41.71,40.64,39.7
2020-06-30,42300.0,일진다이아,081000,1200.7,42.07,41.15,42.12,39.27
2020-07-01,40200.0,일진다이아,081000,1198.5,42.7,42.03,42.73,39.82
2020-07-02,41300.0,일진다이아,081000,1201.6,42.85,43.14,42.84,40.65
2020-07-06,45400.0,일진다이아,081000,1200.4,43.66,43.1,43.72,40.63
2020-07-07,47000.0,일진다이아,081000,1196.8,42.9,43.08,43.08,40.62
2020-07-08,47750.0,일진다이아,081000,1192.9,43.34,43.29,43.55,40.9
2020-07-09,50800.0,일진다이아,081000,1195.8,43.63,42.35,43.73,39.62
2020-07-10,52700.0,일진다이아,081000,1194.5,43.63,42.35,43.73,39.62
2020-07-13,57000.0,일진다이아,081000,1202.4,43.38,42.72,43.45,40.1
2020-07-14,54300.0,일진다이아,081000,1200.3,42.78,42.9,42.91,40.29
2020-07-15,53800.0,일진다이아,081000,1206.4,44.18,43.79,44.17,41.2
2020-07-16,57200.0,일진다이아,081000,1200.7,43.37,43.37,43.63,40.75
2020-07-17,56600.0,일진다이아,081000,1204.1,42.86,43.14,43.16,40.59
2020-07-20,59000.0,일진다이아,081000,1205.7,42.72,43.28,42.87,40.81
2020-07-21,59300.0,일진다이아,081000,1203.7,43.87,44.32,44.02,41.96
2020-07-22,57700.0,일진다이아,081000,1198.1,44.12,44.29,44.31,41.9
2020-02-14,10100.0,디피씨,026890,1181.5,55.23,57.32,55.73,52.05
2020-02-18,10600.0,디피씨,026890,1182.2,55.11,57.75,55.56,52.05
2020-02-19,10150.0,디피씨,026890,1188.1,56.39,59.12,56.87,53.29
2020-02-20,10750.0,디피씨,026890,1190.8,56.92,59.31,57.52,53.78
2020-02-21,10100.0,디피씨,026890,1197.0,56.41,58.5,57.3,53.38
2020-02-24,9100.0,디피씨,026890,1205.6,54.64,56.3,55.16,51.43
2020-02-25,9890.0,디피씨,026890,1217.7,54.48,54.95,55.07,49.9
2020-02-26,9300.0,디피씨,026890,1212.7,52.28,53.43,52.52,48.73
2020-02-27,8980.0,디피씨,026890,1216.8,50.62,52.18,50.99,47.09
2020-02-28,9620.0,디피씨,026890,1215.9,49.05,50.52,49.25,44.76
2020-03-02,9540.0,디피씨,026890,1215.3,50.58,51.9,50.87,46.75
2020-03-03,7700.0,디피씨,026890,1200.3,51.72,51.86,51.91,47.18
2020-03-04,7770.0,디피씨,026890,1191.4,50.81,51.13,51.11,46.78
2020-03-05,7640.0,디피씨,026890,1186.4,50.78,49.99,50.93,45.9
2020-03-06,7610.0,디피씨,026890,1185.0,48.58,45.27,48.87,41.28
2020-03-09,7610.0,디피씨,026890,1191.4,32.87,34.36,33.16,31.13
2020-03-10,7250.0,디피씨,026890,1201.4,34.18,37.22,34.22,34.36
2020-03-11,6560.0,디피씨,026890,1196.7,34.58,35.79,34.78,32.98
2020-03-12,6560.0,디피씨,026890,1192.8,32.69,33.22,32.96,31.5
2020-03-13,5840.0,디피씨,026890,1202.0,33.93,33.85,34.06,31.73
2020-03-16,5300.0,디피씨,026890,1222.2,31.49,30.05,31.48,28.7
2020-03-17,5400.0,디피씨,026890,1219.6,30.83,28.73,30.97,26.95
2020-03-18,4785.0,디피씨,026890,1241.2,28.26,24.88,28.71,20.37
2020-03-19,3850.0,디피씨,026890,1237.8,25.82,28.47,27.76,25.22
2020-03-20,4080.0,디피씨,026890,1280.1,28.67,26.98,29.41,22.43
2020-03-23,3745.0,디피씨,026890,1254.1,24.6,27.03,25.34,23.36
2020-03-24,4200.0,디피씨,026890,1274.6,26.64,27.15,27.02,24.01
2020-03-25,4650.0,디피씨,026890,1256.0,27.05,27.39,27.32,24.49
2020-03-26,4790.0,디피씨,026890,1230.7,25.74,26.34,25.74,22.6
2020-03-27,4955.0,디피씨,026890,1227.9,25.04,24.93,25.08,21.51
2020-03-30,5250.0,디피씨,026890,1212.4,23.24,22.76,23.25,20.09
2020-03-31,6030.0,디피씨,026890,1222.6,23.43,22.74,23.43,20.48
2020-04-01,6530.0,디피씨,026890,1220.0,21.23,24.74,21.41,20.31
2020-04-02,6660.0,디피씨,026890,1222.2,21.55,29.94,21.57,25.32
2020-04-03,6510.0,디피씨,026890,1237.6,24.51,34.11,24.53,28.34
2020-04-06,6890.0,디피씨,026890,1229.8,24.87,33.05,24.86,26.08
2020-04-07,7130.0,디피씨,026890,1233.4,24.88,31.87,24.88,23.63
2020-04-08,7160.0,디피씨,026890,1222.4,23.52,32.84,23.55,25.09
2020-04-09,7200.0,디피씨,026890,1219.7,23.32,31.48,23.32,22.76
2020-04-13,7710.0,디피씨,026890,1212.3,22.31,31.74,22.3,22.41
2020-04-14,7850.0,디피씨,026890,1218.7,21.66,29.6,21.67,20.11
2020-04-16,8380.0,디피씨,026890,1216.7,19.72,27.82,19.83,19.87
2020-04-17,8370.0,디피씨,026890,1227.5,20.61,28.08,20.81,18.27
2020-04-20,8220.0,디피씨,026890,1219.3,20.78,25.57,20.88,-37.63
2020-04-21,7900.0,디피씨,026890,1218.7,17.37,19.33,17.36,10.01
2020-04-22,8320.0,디피씨,026890,1231.3,13.52,20.37,13.52,13.78
2020-04-23,8380.0,디피씨,026890,1235.2,18.13,21.33,18.14,16.5
2020-04-24,8370.0,디피씨,026890,1232.0,18.17,21.44,18.18,16.94
2020-04-27,8700.0,디피씨,026890,1235.8,17.97,19.99,17.96,12.78
2020-04-28,11300.0,디피씨,026890,1230.3,16.63,20.46,16.76,12.34
2020-04-29,10200.0,디피씨,026890,1225.2,17.12,22.54,17.58,15.06
2020-05-04,10050.0,디피씨,026890,1218.5,24.33,27.2,25.12,20.39
2020-05-06,10100.0,디피씨,026890,1227.8,26.88,29.72,27.44,23.99
2020-05-07,10500.0,디피씨,026890,1223.3,26.88,29.72,27.44,23.99
2020-05-08,10250.0,디피씨,026890,1226.5,25.92,30.97,26.31,24.74
2020-05-11,10350.0,디피씨,026890,1217.7,26.72,29.63,27.07,24.14
2020-05-12,10300.0,디피씨,026890,1217.8,26.93,29.98,27.3,25.78
2020-05-13,10200.0,디피씨,026890,1226.7,26.84,29.19,27.39,25.29
2020-05-14,9800.0,디피씨,026890,1226.3,29.83,31.13,30.22,27.56
2020-05-15,9830.0,디피씨,026890,1227.9,31.94,32.5,32.44,29.43
2020-05-18,10050.0,디피씨,026890,1229.3,32.9,34.81,33.44,31.82
2020-05-19,10300.0,디피씨,026890,1231.6,33.18,34.65,33.24,32.5
2020-05-20,10900.0,디피씨,026890,1224.5,32.95,35.75,33.02,33.49
2020-05-21,10400.0,디피씨,026890,1227.8,34.1,36.06,34.08,33.92
2020-05-22,10100.0,디피씨,026890,1230.7,32.62,35.13,32.6,33.25
2020-05-26,10950.0,디피씨,026890,1242.0,34.81,36.17,34.81,34.35
2020-05-27,12100.0,디피씨,026890,1237.1,34.48,34.74,34.48,32.81
2020-05-28,11200.0,디피씨,026890,1233.7,33.17,35.29,33.18,33.71
2020-05-29,10550.0,디피씨,026890,1239.4,34.86,35.33,35.17,35.49
2020-06-01,10600.0,디피씨,026890,1237.6,37.97,38.32,38.47,35.44
2020-06-02,10700.0,디피씨,026890,1227.8,38.93,39.57,39.08,36.81
2020-06-03,10400.0,디피씨,026890,1224.1,39.87,39.79,39.95,37.29
2020-06-04,10350.0,디피씨,026890,1216.9,38.82,39.99,38.92,37.41
2020-06-05,10400.0,디피씨,026890,1217.4,40.63,42.3,40.68,39.55
2020-06-08,10650.0,디피씨,026890,1213.1,42.94,40.8,43.04,38.19
2020-06-09,10650.0,디피씨,026890,1204.2,40.85,41.18,40.88,38.94
2020-06-10,10650.0,디피씨,026890,1197.7,40.91,41.73,40.9,39.6
2020-06-11,10800.0,디피씨,026890,1194.4,40.6,38.55,40.61,36.34
2020-06-12,10450.0,디피씨,026890,1192.8,38.42,38.73,38.45,36.26
2020-06-15,9540.0,디피씨,026890,1206.6,38.35,39.72,38.35,37.12
2020-06-16,10400.0,디피씨,026890,1210.8,40.29,40.96,40.27,38.38
2020-06-17,10100.0,디피씨,026890,1206.6,41.46,40.71,41.5,37.96
2020-06-18,10150.0,디피씨,026890,1214.5,41.09,41.51,41.14,38.84
2020-06-19,10550.0,디피씨,026890,1213.0,42.95,42.19,42.96,39.75
2020-06-22,10200.0,디피씨,026890,1212.0,42.32,43.08,42.32,40.46
2020-06-23,10150.0,디피씨,026890,1213.2,43.39,42.63,43.38,40.37
2020-06-24,10250.0,디피씨,026890,1210.1,42.49,40.31,42.49,38.01
2020-06-25,10150.0,디피씨,026890,1202.9,40.58,41.05,40.58,38.72
2020-06-26,10150.0,디피씨,026890,1205.2,42.02,41.02,42.02,38.49
2020-06-29,10350.0,디피씨,026890,1198.6,40.63,41.71,40.64,39.7
2020-06-30,10550.0,디피씨,026890,1200.7,42.07,41.15,42.12,39.27
2020-07-01,10550.0,디피씨,026890,1198.5,42.7,42.03,42.73,39.82
2020-07-02,11250.0,디피씨,026890,1201.6,42.85,43.14,42.84,40.65
2020-07-06,14050.0,디피씨,026890,1200.4,43.66,43.1,43.72,40.63
2020-07-07,14350.0,디피씨,026890,1196.8,42.9,43.08,43.08,40.62
2020-07-08,14300.0,디피씨,026890,1192.9,43.34,43.29,43.55,40.9
2020-07-09,15100.0,디피씨,026890,1195.8,43.63,42.35,43.73,39.62
2020-07-10,15200.0,디피씨,026890,1194.5,43.63,42.35,43.73,39.62
2020-07-13,15550.0,디피씨,026890,1202.4,43.38,42.72,43.45,40.1
2020-07-14,17650.0,디피씨,026890,1200.3,42.78,42.9,42.91,40.29
2020-07-15,17650.0,디피씨,026890,1206.4,44.18,43.79,44.17,41.2
2020-07-16,17700.0,디피씨,026890,1200.7,43.37,43.37,43.63,40.75
2020-07-17,18400.0,디피씨,026890,1204.1,42.86,43.14,43.16,40.59
2020-07-20,18600.0,디피씨,026890,1205.7,42.72,43.28,42.87,40.81
2020-07-21,17000.0,디피씨,026890,1203.7,43.87,44.32,44.02,41.96
2020-07-22,17800.0,디피씨,026890,1198.1,44.12,44.29,44.31,41.9
2020-02-14,24400.0,효성중공업,298040,1181.5,55.23,57.32,55.73,52.05
2020-02-18,23800.0,효성중공업,298040,1182.2,55.11,57.75,55.56,52.05
2020-02-19,23350.0,효성중공업,298040,1188.1,56.39,59.12,56.87,53.29
2020-02-20,22800.0,효성중공업,298040,1190.8,56.92,59.31,57.52,53.78
2020-02-21,22250.0,효성중공업,298040,1197.0,56.41,58.5,57.3,53.38
2020-02-24,21000.0,효성중공업,298040,1205.6,54.64,56.3,55.16,51.43
2020-02-25,21550.0,효성중공업,298040,1217.7,54.48,54.95,55.07,49.9
2020-02-26,20950.0,효성중공업,298040,1212.7,52.28,53.43,52.52,48.73
2020-02-27,20700.0,효성중공업,298040,1216.8,50.62,52.18,50.99,47.09
2020-02-28,19750.0,효성중공업,298040,1215.9,49.05,50.52,49.25,44.76
2020-03-02,19350.0,효성중공업,298040,1215.3,50.58,51.9,50.87,46.75
2020-03-03,19400.0,효성중공업,298040,1200.3,51.72,51.86,51.91,47.18
2020-03-04,19900.0,효성중공업,298040,1191.4,50.81,51.13,51.11,46.78
2020-03-05,19850.0,효성중공업,298040,1186.4,50.78,49.99,50.93,45.9
2020-03-06,19100.0,효성중공업,298040,1185.0,48.58,45.27,48.87,41.28
2020-03-09,17700.0,효성중공업,298040,1191.4,32.87,34.36,33.16,31.13
2020-03-10,17700.0,효성중공업,298040,1201.4,34.18,37.22,34.22,34.36
2020-03-11,17050.0,효성중공업,298040,1196.7,34.58,35.79,34.78,32.98
2020-03-12,15700.0,효성중공업,298040,1192.8,32.69,33.22,32.96,31.5
2020-03-13,13150.0,효성중공업,298040,1202.0,33.93,33.85,34.06,31.73
2020-03-16,12800.0,효성중공업,298040,1222.2,31.49,30.05,31.48,28.7
2020-03-17,12250.0,효성중공업,298040,1219.6,30.83,28.73,30.97,26.95
2020-03-18,11250.0,효성중공업,298040,1241.2,28.26,24.88,28.71,20.37
2020-03-19,8750.0,효성중공업,298040,1237.8,25.82,28.47,27.76,25.22
2020-03-20,10050.0,효성중공업,298040,1280.1,28.67,26.98,29.41,22.43
2020-03-23,8950.0,효성중공업,298040,1254.1,24.6,27.03,25.34,23.36
2020-03-24,9800.0,효성중공업,298040,1274.6,26.64,27.15,27.02,24.01
2020-03-25,10850.0,효성중공업,298040,1256.0,27.05,27.39,27.32,24.49
2020-03-26,11350.0,효성중공업,298040,1230.7,25.74,26.34,25.74,22.6
2020-03-27,11700.0,효성중공업,298040,1227.9,25.04,24.93,25.08,21.51
2020-03-30,12000.0,효성중공업,298040,1212.4,23.24,22.76,23.25,20.09
2020-03-31,12900.0,효성중공업,298040,1222.6,23.43,22.74,23.43,20.48
2020-04-01,13150.0,효성중공업,298040,1220.0,21.23,24.74,21.41,20.31
2020-04-02,13500.0,효성중공업,298040,1222.2,21.55,29.94,21.57,25.32
2020-04-03,13700.0,효성중공업,298040,1237.6,24.51,34.11,24.53,28.34
2020-04-06,14450.0,효성중공업,298040,1229.8,24.87,33.05,24.86,26.08
2020-04-07,14950.0,효성중공업,298040,1233.4,24.88,31.87,24.88,23.63
2020-04-08,14750.0,효성중공업,298040,1222.4,23.52,32.84,23.55,25.09
2020-04-09,14950.0,효성중공업,298040,1219.7,23.32,31.48,23.32,22.76
2020-04-13,15150.0,효성중공업,298040,1212.3,22.31,31.74,22.3,22.41
2020-04-14,16100.0,효성중공업,298040,1218.7,21.66,29.6,21.67,20.11
2020-04-16,16200.0,효성중공업,298040,1216.7,19.72,27.82,19.83,19.87
2020-04-17,16500.0,효성중공업,298040,1227.5,20.61,28.08,20.81,18.27
2020-04-20,17400.0,효성중공업,298040,1219.3,20.78,25.57,20.88,-37.63
2020-04-21,16600.0,효성중공업,298040,1218.7,17.37,19.33,17.36,10.01
2020-04-22,16300.0,효성중공업,298040,1231.3,13.52,20.37,13.52,13.78
2020-04-23,16800.0,효성중공업,298040,1235.2,18.13,21.33,18.14,16.5
2020-04-24,16450.0,효성중공업,298040,1232.0,18.17,21.44,18.18,16.94
2020-04-27,17400.0,효성중공업,298040,1235.8,17.97,19.99,17.96,12.78
2020-04-28,18000.0,효성중공업,298040,1230.3,16.63,20.46,16.76,12.34
2020-04-29,18000.0,효성중공업,298040,1225.2,17.12,22.54,17.58,15.06
2020-05-04,16750.0,효성중공업,298040,1218.5,24.33,27.2,25.12,20.39
2020-05-06,16150.0,효성중공업,298040,1227.8,26.88,29.72,27.44,23.99
2020-05-07,16250.0,효성중공업,298040,1223.3,26.88,29.72,27.44,23.99
2020-05-08,16350.0,효성중공업,298040,1226.5,25.92,30.97,26.31,24.74
2020-05-11,16100.0,효성중공업,298040,1217.7,26.72,29.63,27.07,24.14
2020-05-12,15450.0,효성중공업,298040,1217.8,26.93,29.98,27.3,25.78
2020-05-13,15350.0,효성중공업,298040,1226.7,26.84,29.19,27.39,25.29
2020-05-14,14500.0,효성중공업,298040,1226.3,29.83,31.13,30.22,27.56
2020-05-15,14050.0,효성중공업,298040,1227.9,31.94,32.5,32.44,29.43
2020-05-18,14450.0,효성중공업,298040,1229.3,32.9,34.81,33.44,31.82
2020-05-19,15900.0,효성중공업,298040,1231.6,33.18,34.65,33.24,32.5
2020-05-20,16000.0,효성중공업,298040,1224.5,32.95,35.75,33.02,33.49
2020-05-21,16000.0,효성중공업,298040,1227.8,34.1,36.06,34.08,33.92
2020-05-22,15500.0,효성중공업,298040,1230.7,32.62,35.13,32.6,33.25
2020-05-26,15950.0,효성중공업,298040,1242.0,34.81,36.17,34.81,34.35
2020-05-27,17600.0,효성중공업,298040,1237.1,34.48,34.74,34.48,32.81
2020-05-28,17150.0,효성중공업,298040,1233.7,33.17,35.29,33.18,33.71
2020-05-29,17250.0,효성중공업,298040,1239.4,34.86,35.33,35.17,35.49
2020-06-01,17350.0,효성중공업,298040,1237.6,37.97,38.32,38.47,35.44
2020-06-02,17900.0,효성중공업,298040,1227.8,38.93,39.57,39.08,36.81
2020-06-03,18350.0,효성중공업,298040,1224.1,39.87,39.79,39.95,37.29
2020-06-04,17950.0,효성중공업,298040,1216.9,38.82,39.99,38.92,37.41
2020-06-05,18400.0,효성중공업,298040,1217.4,40.63,42.3,40.68,39.55
2020-06-08,18300.0,효성중공업,298040,1213.1,42.94,40.8,43.04,38.19
2020-06-09,19500.0,효성중공업,298040,1204.2,40.85,41.18,40.88,38.94
2020-06-10,19300.0,효성중공업,298040,1197.7,40.91,41.73,40.9,39.6
2020-06-11,20250.0,효성중공업,298040,1194.4,40.6,38.55,40.61,36.34
2020-06-12,22700.0,효성중공업,298040,1192.8,38.42,38.73,38.45,36.26
2020-06-15,24000.0,효성중공업,298040,1206.6,38.35,39.72,38.35,37.12
2020-06-16,24300.0,효성중공업,298040,1210.8,40.29,40.96,40.27,38.38
2020-06-17,23150.0,효성중공업,298040,1206.6,41.46,40.71,41.5,37.96
2020-06-18,24000.0,효성중공업,298040,1214.5,41.09,41.51,41.14,38.84
2020-06-19,23250.0,효성중공업,298040,1213.0,42.95,42.19,42.96,39.75
2020-06-22,24050.0,효성중공업,298040,1212.0,42.32,43.08,42.32,40.46
2020-06-23,27450.0,효성중공업,298040,1213.2,43.39,42.63,43.38,40.37
2020-06-24,27550.0,효성중공업,298040,1210.1,42.49,40.31,42.49,38.01
2020-06-25,28100.0,효성중공업,298040,1202.9,40.58,41.05,40.58,38.72
2020-06-26,28300.0,효성중공업,298040,1205.2,42.02,41.02,42.02,38.49
2020-06-29,29000.0,효성중공업,298040,1198.6,40.63,41.71,40.64,39.7
2020-06-30,28900.0,효성중공업,298040,1200.7,42.07,41.15,42.12,39.27
2020-07-01,27650.0,효성중공업,298040,1198.5,42.7,42.03,42.73,39.82
2020-07-02,28700.0,효성중공업,298040,1201.6,42.85,43.14,42.84,40.65
2020-07-06,29100.0,효성중공업,298040,1200.4,43.66,43.1,43.72,40.63
2020-07-07,28650.0,효성중공업,298040,1196.8,42.9,43.08,43.08,40.62
2020-07-08,28700.0,효성중공업,298040,1192.9,43.34,43.29,43.55,40.9
2020-07-09,29200.0,효성중공업,298040,1195.8,43.63,42.35,43.73,39.62
2020-07-10,28950.0,효성중공업,298040,1194.5,43.63,42.35,43.73,39.62
2020-07-13,32300.0,효성중공업,298040,1202.4,43.38,42.72,43.45,40.1
2020-07-14,30200.0,효성중공업,298040,1200.3,42.78,42.9,42.91,40.29
2020-07-15,31950.0,효성중공업,298040,1206.4,44.18,43.79,44.17,41.2
2020-07-16,33250.0,효성중공업,298040,1200.7,43.37,43.37,43.63,40.75
2020-07-17,33500.0,효성중공업,298040,1204.1,42.86,43.14,43.16,40.59
2020-07-20,34850.0,효성중공업,298040,1205.7,42.72,43.28,42.87,40.81
2020-07-21,37700.0,효성중공업,298040,1203.7,43.87,44.32,44.02,41.96
2020-07-22,39200.0,효성중공업,298040,1198.1,44.12,44.29,44.31,41.9
2020-02-14,28550.0,JW중외제약우,001065,1181.5,55.23,57.32,55.73,52.05
2020-02-18,29150.0,JW중외제약우,001065,1182.2,55.11,57.75,55.56,52.05
2020-02-19,30300.0,JW중외제약우,001065,1188.1,56.39,59.12,56.87,53.29
2020-02-20,29600.0,JW중외제약우,001065,1190.8,56.92,59.31,57.52,53.78
2020-02-21,28550.0,JW중외제약우,001065,1197.0,56.41,58.5,57.3,53.38
2020-02-24,27250.0,JW중외제약우,001065,1205.6,54.64,56.3,55.16,51.43
2020-02-25,27700.0,JW중외제약우,001065,1217.7,54.48,54.95,55.07,49.9
2020-02-26,27800.0,JW중외제약우,001065,1212.7,52.28,53.43,52.52,48.73
2020-02-27,27300.0,JW중외제약우,001065,1216.8,50.62,52.18,50.99,47.09
2020-02-28,26350.0,JW중외제약우,001065,1215.9,49.05,50.52,49.25,44.76
2020-03-02,26700.0,JW중외제약우,001065,1215.3,50.58,51.9,50.87,46.75
2020-03-03,27000.0,JW중외제약우,001065,1200.3,51.72,51.86,51.91,47.18
2020-03-04,26700.0,JW중외제약우,001065,1191.4,50.81,51.13,51.11,46.78
2020-03-05,32000.0,JW중외제약우,001065,1186.4,50.78,49.99,50.93,45.9
2020-03-06,28050.0,JW중외제약우,001065,1185.0,48.58,45.27,48.87,41.28
2020-03-09,28050.0,JW중외제약우,001065,1191.4,32.87,34.36,33.16,31.13
2020-03-10,26900.0,JW중외제약우,001065,1201.4,34.18,37.22,34.22,34.36
2020-03-11,26400.0,JW중외제약우,001065,1196.7,34.58,35.79,34.78,32.98
2020-03-12,26400.0,JW중외제약우,001065,1192.8,32.69,33.22,32.96,31.5
2020-03-13,24150.0,JW중외제약우,001065,1202.0,33.93,33.85,34.06,31.73
2020-03-16,23600.0,JW중외제약우,001065,1222.2,31.49,30.05,31.48,28.7
2020-03-17,22650.0,JW중외제약우,001065,1219.6,30.83,28.73,30.97,26.95
2020-03-18,21600.0,JW중외제약우,001065,1241.2,28.26,24.88,28.71,20.37
2020-03-19,18200.0,JW중외제약우,001065,1237.8,25.82,28.47,27.76,25.22
2020-03-20,18550.0,JW중외제약우,001065,1280.1,28.67,26.98,29.41,22.43
2020-03-23,17250.0,JW중외제약우,001065,1254.1,24.6,27.03,25.34,23.36
2020-03-24,22400.0,JW중외제약우,001065,1274.6,26.64,27.15,27.02,24.01
2020-03-25,22000.0,JW중외제약우,001065,1256.0,27.05,27.39,27.32,24.49
2020-03-26,23100.0,JW중외제약우,001065,1230.7,25.74,26.34,25.74,22.6
2020-03-27,22500.0,JW중외제약우,001065,1227.9,25.04,24.93,25.08,21.51
2020-03-30,23450.0,JW중외제약우,001065,1212.4,23.24,22.76,23.25,20.09
2020-03-31,25350.0,JW중외제약우,001065,1222.6,23.43,22.74,23.43,20.48
2020-04-01,24350.0,JW중외제약우,001065,1220.0,21.23,24.74,21.41,20.31
2020-04-02,24600.0,JW중외제약우,001065,1222.2,21.55,29.94,21.57,25.32
2020-04-03,23500.0,JW중외제약우,001065,1237.6,24.51,34.11,24.53,28.34
2020-04-06,25000.0,JW중외제약우,001065,1229.8,24.87,33.05,24.86,26.08
2020-04-07,25900.0,JW중외제약우,001065,1233.4,24.88,31.87,24.88,23.63
2020-04-08,25800.0,JW중외제약우,001065,1222.4,23.52,32.84,23.55,25.09
2020-04-09,25800.0,JW중외제약우,001065,1219.7,23.32,31.48,23.32,22.76
2020-04-13,25200.0,JW중외제약우,001065,1212.3,22.31,31.74,22.3,22.41
2020-04-14,25300.0,JW중외제약우,001065,1218.7,21.66,29.6,21.67,20.11
2020-04-16,26200.0,JW중외제약우,001065,1216.7,19.72,27.82,19.83,19.87
2020-04-17,26200.0,JW중외제약우,001065,1227.5,20.61,28.08,20.81,18.27
2020-04-20,26150.0,JW중외제약우,001065,1219.3,20.78,25.57,20.88,-37.63
2020-04-21,25300.0,JW중외제약우,001065,1218.7,17.37,19.33,17.36,10.01
2020-04-22,25850.0,JW중외제약우,001065,1231.3,13.52,20.37,13.52,13.78
2020-04-23,25550.0,JW중외제약우,001065,1235.2,18.13,21.33,18.14,16.5
2020-04-24,25200.0,JW중외제약우,001065,1232.0,18.17,21.44,18.18,16.94
2020-04-27,25450.0,JW중외제약우,001065,1235.8,17.97,19.99,17.96,12.78
2020-04-28,25400.0,JW중외제약우,001065,1230.3,16.63,20.46,16.76,12.34
2020-04-29,25600.0,JW중외제약우,001065,1225.2,17.12,22.54,17.58,15.06
2020-05-04,25550.0,JW중외제약우,001065,1218.5,24.33,27.2,25.12,20.39
2020-05-06,25800.0,JW중외제약우,001065,1227.8,26.88,29.72,27.44,23.99
2020-05-07,26100.0,JW중외제약우,001065,1223.3,26.88,29.72,27.44,23.99
2020-05-08,26450.0,JW중외제약우,001065,1226.5,25.92,30.97,26.31,24.74
2020-05-11,26750.0,JW중외제약우,001065,1217.7,26.72,29.63,27.07,24.14
2020-05-12,26600.0,JW중외제약우,001065,1217.8,26.93,29.98,27.3,25.78
2020-05-13,26500.0,JW중외제약우,001065,1226.7,26.84,29.19,27.39,25.29
2020-05-14,29050.0,JW중외제약우,001065,1226.3,29.83,31.13,30.22,27.56
2020-05-15,28000.0,JW중외제약우,001065,1227.9,31.94,32.5,32.44,29.43
2020-05-18,27900.0,JW중외제약우,001065,1229.3,32.9,34.81,33.44,31.82
2020-05-19,26900.0,JW중외제약우,001065,1231.6,33.18,34.65,33.24,32.5
2020-05-20,27250.0,JW중외제약우,001065,1224.5,32.95,35.75,33.02,33.49
2020-05-21,27500.0,JW중외제약우,001065,1227.8,34.1,36.06,34.08,33.92
2020-05-22,27000.0,JW중외제약우,001065,1230.7,32.62,35.13,32.6,33.25
2020-05-26,28050.0,JW중외제약우,001065,1242.0,34.81,36.17,34.81,34.35
2020-05-27,27600.0,JW중외제약우,001065,1237.1,34.48,34.74,34.48,32.81
2020-05-28,27600.0,JW중외제약우,001065,1233.7,33.17,35.29,33.18,33.71
2020-05-29,28150.0,JW중외제약우,001065,1239.4,34.86,35.33,35.17,35.49
2020-06-01,28450.0,JW중외제약우,001065,1237.6,37.97,38.32,38.47,35.44
2020-06-02,28500.0,JW중외제약우,001065,1227.8,38.93,39.57,39.08,36.81
2020-06-03,28700.0,JW중외제약우,001065,1224.1,39.87,39.79,39.95,37.29
2020-06-04,29250.0,JW중외제약우,001065,1216.9,38.82,39.99,38.92,37.41
2020-06-05,29950.0,JW중외제약우,001065,1217.4,40.63,42.3,40.68,39.55
2020-06-08,31200.0,JW중외제약우,001065,1213.1,42.94,40.8,43.04,38.19
2020-06-09,35900.0,JW중외제약우,001065,1204.2,40.85,41.18,40.88,38.94
2020-06-10,46650.0,JW중외제약우,001065,1197.7,40.91,41.73,40.9,39.6
2020-06-11,42000.0,JW중외제약우,001065,1194.4,40.6,38.55,40.61,36.34
2020-06-12,45500.0,JW중외제약우,001065,1192.8,38.42,38.73,38.45,36.26
2020-06-15,41050.0,JW중외제약우,001065,1206.6,38.35,39.72,38.35,37.12
2020-06-16,46450.0,JW중외제약우,001065,1210.8,40.29,40.96,40.27,38.38
2020-06-17,60300.0,JW중외제약우,001065,1206.6,41.46,40.71,41.5,37.96
2020-06-18,78300.0,JW중외제약우,001065,1214.5,41.09,41.51,41.14,38.84
2020-06-19,58200.0,JW중외제약우,001065,1213.0,42.95,42.19,42.96,39.75
2020-06-22,51100.0,JW중외제약우,001065,1212.0,42.32,43.08,42.32,40.46
2020-06-23,48500.0,JW중외제약우,001065,1213.2,43.39,42.63,43.38,40.37
2020-06-24,58400.0,JW중외제약우,001065,1210.1,42.49,40.31,42.49,38.01
2020-06-25,56000.0,JW중외제약우,001065,1202.9,40.58,41.05,40.58,38.72
2020-06-26,53800.0,JW중외제약우,001065,1205.2,42.02,41.02,42.02,38.49
2020-06-29,54700.0,JW중외제약우,001065,1198.6,40.63,41.71,40.64,39.7
2020-06-30,51800.0,JW중외제약우,001065,1200.7,42.07,41.15,42.12,39.27
2020-07-01,49500.0,JW중외제약우,001065,1198.5,42.7,42.03,42.73,39.82
2020-07-02,46150.0,JW중외제약우,001065,1201.6,42.85,43.14,42.84,40.65
2020-07-06,47150.0,JW중외제약우,001065,1200.4,43.66,43.1,43.72,40.63
2020-07-07,47000.0,JW중외제약우,001065,1196.8,42.9,43.08,43.08,40.62
2020-07-08,45800.0,JW중외제약우,001065,1192.9,43.34,43.29,43.55,40.9
2020-07-09,45200.0,JW중외제약우,001065,1195.8,43.63,42.35,43.73,39.62
2020-07-10,42900.0,JW중외제약우,001065,1194.5,43.63,42.35,43.73,39.62
2020-07-13,43400.0,JW중외제약우,001065,1202.4,43.38,42.72,43.45,40.1
2020-07-14,56400.0,JW중외제약우,001065,1200.3,42.78,42.9,42.91,40.29
2020-07-15,49700.0,JW중외제약우,001065,1206.4,44.18,43.79,44.17,41.2
2020-07-16,51000.0,JW중외제약우,001065,1200.7,43.37,43.37,43.63,40.75
2020-07-17,59100.0,JW중외제약우,001065,1204.1,42.86,43.14,43.16,40.59
2020-07-20,72000.0,JW중외제약우,001065,1205.7,42.72,43.28,42.87,40.81
2020-07-21,69100.0,JW중외제약우,001065,1203.7,43.87,44.32,44.02,41.96
2020-07-22,72200.0,JW중외제약우,001065,1198.1,44.12,44.29,44.31,41.9
2020-02-14,1865.0,코오롱머티리얼,144620,1181.5,55.23,57.32,55.73,52.05
2020-02-18,1750.0,코오롱머티리얼,144620,1182.2,55.11,57.75,55.56,52.05
2020-02-19,1770.0,코오롱머티리얼,144620,1188.1,56.39,59.12,56.87,53.29
2020-02-20,1770.0,코오롱머티리얼,144620,1190.8,56.92,59.31,57.52,53.78
2020-02-21,1705.0,코오롱머티리얼,144620,1197.0,56.41,58.5,57.3,53.38
2020-02-24,1610.0,코오롱머티리얼,144620,1205.6,54.64,56.3,55.16,51.43
2020-02-25,1660.0,코오롱머티리얼,144620,1217.7,54.48,54.95,55.07,49.9
2020-02-26,1650.0,코오롱머티리얼,144620,1212.7,52.28,53.43,52.52,48.73
2020-02-27,1580.0,코오롱머티리얼,144620,1216.8,50.62,52.18,50.99,47.09
2020-02-28,1475.0,코오롱머티리얼,144620,1215.9,49.05,50.52,49.25,44.76
2020-03-02,1500.0,코오롱머티리얼,144620,1215.3,50.58,51.9,50.87,46.75
2020-03-03,1510.0,코오롱머티리얼,144620,1200.3,51.72,51.86,51.91,47.18
2020-03-04,1560.0,코오롱머티리얼,144620,1191.4,50.81,51.13,51.11,46.78
2020-03-05,1605.0,코오롱머티리얼,144620,1186.4,50.78,49.99,50.93,45.9
2020-03-06,1550.0,코오롱머티리얼,144620,1185.0,48.58,45.27,48.87,41.28
2020-03-09,1550.0,코오롱머티리얼,144620,1191.4,32.87,34.36,33.16,31.13
2020-03-10,1455.0,코오롱머티리얼,144620,1201.4,34.18,37.22,34.22,34.36
2020-03-11,1395.0,코오롱머티리얼,144620,1196.7,34.58,35.79,34.78,32.98
2020-03-12,1395.0,코오롱머티리얼,144620,1192.8,32.69,33.22,32.96,31.5
2020-03-13,1180.0,코오롱머티리얼,144620,1202.0,33.93,33.85,34.06,31.73
2020-03-16,1115.0,코오롱머티리얼,144620,1222.2,31.49,30.05,31.48,28.7
2020-03-17,1080.0,코오롱머티리얼,144620,1219.6,30.83,28.73,30.97,26.95
2020-03-18,1025.0,코오롱머티리얼,144620,1241.2,28.26,24.88,28.71,20.37
2020-03-19,845.0,코오롱머티리얼,144620,1237.8,25.82,28.47,27.76,25.22
2020-03-20,915.0,코오롱머티리얼,144620,1280.1,28.67,26.98,29.41,22.43
2020-03-23,855.0,코오롱머티리얼,144620,1254.1,24.6,27.03,25.34,23.36
2020-03-24,912.0,코오롱머티리얼,144620,1274.6,26.64,27.15,27.02,24.01
2020-03-25,1005.0,코오롱머티리얼,144620,1256.0,27.05,27.39,27.32,24.49
2020-03-26,1030.0,코오롱머티리얼,144620,1230.7,25.74,26.34,25.74,22.6
2020-03-27,1035.0,코오롱머티리얼,144620,1227.9,25.04,24.93,25.08,21.51
2020-03-30,1025.0,코오롱머티리얼,144620,1212.4,23.24,22.76,23.25,20.09
2020-03-31,1150.0,코오롱머티리얼,144620,1222.6,23.43,22.74,23.43,20.48
2020-04-01,1080.0,코오롱머티리얼,144620,1220.0,21.23,24.74,21.41,20.31
2020-04-02,1400.0,코오롱머티리얼,144620,1222.2,21.55,29.94,21.57,25.32
2020-04-03,1435.0,코오롱머티리얼,144620,1237.6,24.51,34.11,24.53,28.34
2020-04-06,1475.0,코오롱머티리얼,144620,1229.8,24.87,33.05,24.86,26.08
2020-04-07,1560.0,코오롱머티리얼,144620,1233.4,24.88,31.87,24.88,23.63
2020-04-08,1495.0,코오롱머티리얼,144620,1222.4,23.52,32.84,23.55,25.09
2020-04-09,1530.0,코오롱머티리얼,144620,1219.7,23.32,31.48,23.32,22.76
2020-04-13,1885.0,코오롱머티리얼,144620,1212.3,22.31,31.74,22.3,22.41
2020-04-14,1730.0,코오롱머티리얼,144620,1218.7,21.66,29.6,21.67,20.11
2020-04-16,1595.0,코오롱머티리얼,144620,1216.7,19.72,27.82,19.83,19.87
2020-04-17,1655.0,코오롱머티리얼,144620,1227.5,20.61,28.08,20.81,18.27
2020-04-20,1595.0,코오롱머티리얼,144620,1219.3,20.78,25.57,20.88,-37.63
2020-04-21,1545.0,코오롱머티리얼,144620,1218.7,17.37,19.33,17.36,10.01
2020-04-22,1560.0,코오롱머티리얼,144620,1231.3,13.52,20.37,13.52,13.78
2020-04-23,1595.0,코오롱머티리얼,144620,1235.2,18.13,21.33,18.14,16.5
2020-04-24,1550.0,코오롱머티리얼,144620,1232.0,18.17,21.44,18.18,16.94
2020-04-27,1590.0,코오롱머티리얼,144620,1235.8,17.97,19.99,17.96,12.78
2020-04-28,1590.0,코오롱머티리얼,144620,1230.3,16.63,20.46,16.76,12.34
2020-04-29,1585.0,코오롱머티리얼,144620,1225.2,17.12,22.54,17.58,15.06
2020-05-04,1580.0,코오롱머티리얼,144620,1218.5,24.33,27.2,25.12,20.39
2020-05-06,1640.0,코오롱머티리얼,144620,1227.8,26.88,29.72,27.44,23.99
2020-05-07,1650.0,코오롱머티리얼,144620,1223.3,26.88,29.72,27.44,23.99
2020-05-08,1665.0,코오롱머티리얼,144620,1226.5,25.92,30.97,26.31,24.74
2020-05-11,1655.0,코오롱머티리얼,144620,1217.7,26.72,29.63,27.07,24.14
2020-05-12,1600.0,코오롱머티리얼,144620,1217.8,26.93,29.98,27.3,25.78
2020-05-13,1670.0,코오롱머티리얼,144620,1226.7,26.84,29.19,27.39,25.29
2020-05-14,1650.0,코오롱머티리얼,144620,1226.3,29.83,31.13,30.22,27.56
2020-05-15,1640.0,코오롱머티리얼,144620,1227.9,31.94,32.5,32.44,29.43
2020-05-18,1640.0,코오롱머티리얼,144620,1229.3,32.9,34.81,33.44,31.82
2020-05-19,1685.0,코오롱머티리얼,144620,1231.6,33.18,34.65,33.24,32.5
2020-05-20,1680.0,코오롱머티리얼,144620,1224.5,32.95,35.75,33.02,33.49
2020-05-21,1935.0,코오롱머티리얼,144620,1227.8,34.1,36.06,34.08,33.92
2020-05-22,1790.0,코오롱머티리얼,144620,1230.7,32.62,35.13,32.6,33.25
2020-05-26,1795.0,코오롱머티리얼,144620,1242.0,34.81,36.17,34.81,34.35
2020-05-27,1815.0,코오롱머티리얼,144620,1237.1,34.48,34.74,34.48,32.81
2020-05-28,1730.0,코오롱머티리얼,144620,1233.7,33.17,35.29,33.18,33.71
2020-05-29,1735.0,코오롱머티리얼,144620,1239.4,34.86,35.33,35.17,35.49
2020-06-01,1755.0,코오롱머티리얼,144620,1237.6,37.97,38.32,38.47,35.44
2020-06-02,1775.0,코오롱머티리얼,144620,1227.8,38.93,39.57,39.08,36.81
2020-06-03,1825.0,코오롱머티리얼,144620,1224.1,39.87,39.79,39.95,37.29
2020-06-04,1810.0,코오롱머티리얼,144620,1216.9,38.82,39.99,38.92,37.41
2020-06-05,1780.0,코오롱머티리얼,144620,1217.4,40.63,42.3,40.68,39.55
2020-06-08,1775.0,코오롱머티리얼,144620,1213.1,42.94,40.8,43.04,38.19
2020-06-09,1755.0,코오롱머티리얼,144620,1204.2,40.85,41.18,40.88,38.94
2020-06-10,1745.0,코오롱머티리얼,144620,1197.7,40.91,41.73,40.9,39.6
2020-06-11,1770.0,코오롱머티리얼,144620,1194.4,40.6,38.55,40.61,36.34
2020-06-12,1685.0,코오롱머티리얼,144620,1192.8,38.42,38.73,38.45,36.26
2020-06-15,1585.0,코오롱머티리얼,144620,1206.6,38.35,39.72,38.35,37.12
2020-06-16,1630.0,코오롱머티리얼,144620,1210.8,40.29,40.96,40.27,38.38
2020-06-17,1620.0,코오롱머티리얼,144620,1206.6,41.46,40.71,41.5,37.96
2020-06-18,1645.0,코오롱머티리얼,144620,1214.5,41.09,41.51,41.14,38.84
2020-06-19,1630.0,코오롱머티리얼,144620,1213.0,42.95,42.19,42.96,39.75
2020-06-22,1590.0,코오롱머티리얼,144620,1212.0,42.32,43.08,42.32,40.46
2020-06-23,1710.0,코오롱머티리얼,144620,1213.2,43.39,42.63,43.38,40.37
2020-06-24,1745.0,코오롱머티리얼,144620,1210.1,42.49,40.31,42.49,38.01
2020-06-25,1735.0,코오롱머티리얼,144620,1202.9,40.58,41.05,40.58,38.72
2020-06-26,1720.0,코오롱머티리얼,144620,1205.2,42.02,41.02,42.02,38.49
2020-06-29,1785.0,코오롱머티리얼,144620,1198.6,40.63,41.71,40.64,39.7
2020-06-30,1765.0,코오롱머티리얼,144620,1200.7,42.07,41.15,42.12,39.27
2020-07-01,1765.0,코오롱머티리얼,144620,1198.5,42.7,42.03,42.73,39.82
2020-07-02,1760.0,코오롱머티리얼,144620,1201.6,42.85,43.14,42.84,40.65
2020-07-06,1790.0,코오롱머티리얼,144620,1200.4,43.66,43.1,43.72,40.63
2020-07-07,1785.0,코오롱머티리얼,144620,1196.8,42.9,43.08,43.08,40.62
2020-07-08,1795.0,코오롱머티리얼,144620,1192.9,43.34,43.29,43.55,40.9
2020-07-09,1795.0,코오롱머티리얼,144620,1195.8,43.63,42.35,43.73,39.62
2020-07-10,1730.0,코오롱머티리얼,144620,1194.5,43.63,42.35,43.73,39.62
2020-07-13,2245.0,코오롱머티리얼,144620,1202.4,43.38,42.72,43.45,40.1
2020-07-14,2440.0,코오롱머티리얼,144620,1200.3,42.78,42.9,42.91,40.29
2020-07-15,3170.0,코오롱머티리얼,144620,1206.4,44.18,43.79,44.17,41.2
2020-07-16,3380.0,코오롱머티리얼,144620,1200.7,43.37,43.37,43.63,40.75
2020-07-17,3225.0,코오롱머티리얼,144620,1204.1,42.86,43.14,43.16,40.59
2020-07-20,3630.0,코오롱머티리얼,144620,1205.7,42.72,43.28,42.87,40.81
2020-07-21,3665.0,코오롱머티리얼,144620,1203.7,43.87,44.32,44.02,41.96
2020-07-22,3505.0,코오롱머티리얼,144620,1198.1,44.12,44.29,44.31,41.9
2020-02-14,121500.0,현대건설우,000725,1181.5,55.23,57.32,55.73,52.05
2020-02-18,118500.0,현대건설우,000725,1182.2,55.11,57.75,55.56,52.05
2020-02-19,117000.0,현대건설우,000725,1188.1,56.39,59.12,56.87,53.29
2020-02-20,116000.0,현대건설우,000725,1190.8,56.92,59.31,57.52,53.78
2020-02-21,113500.0,현대건설우,000725,1197.0,56.41,58.5,57.3,53.38
2020-02-24,105500.0,현대건설우,000725,1205.6,54.64,56.3,55.16,51.43
2020-02-25,106500.0,현대건설우,000725,1217.7,54.48,54.95,55.07,49.9
2020-02-26,106000.0,현대건설우,000725,1212.7,52.28,53.43,52.52,48.73
2020-02-27,103500.0,현대건설우,000725,1216.8,50.62,52.18,50.99,47.09
2020-02-28,100000.0,현대건설우,000725,1215.9,49.05,50.52,49.25,44.76
2020-03-02,100500.0,현대건설우,000725,1215.3,50.58,51.9,50.87,46.75
2020-03-03,101000.0,현대건설우,000725,1200.3,51.72,51.86,51.91,47.18
2020-03-04,102500.0,현대건설우,000725,1191.4,50.81,51.13,51.11,46.78
2020-03-05,106500.0,현대건설우,000725,1186.4,50.78,49.99,50.93,45.9
2020-03-06,105000.0,현대건설우,000725,1185.0,48.58,45.27,48.87,41.28
2020-03-09,105000.0,현대건설우,000725,1191.4,32.87,34.36,33.16,31.13
2020-03-10,99600.0,현대건설우,000725,1201.4,34.18,37.22,34.22,34.36
2020-03-11,98600.0,현대건설우,000725,1196.7,34.58,35.79,34.78,32.98
2020-03-12,98600.0,현대건설우,000725,1192.8,32.69,33.22,32.96,31.5
2020-03-13,85700.0,현대건설우,000725,1202.0,33.93,33.85,34.06,31.73
2020-03-16,82500.0,현대건설우,000725,1222.2,31.49,30.05,31.48,28.7
2020-03-17,79000.0,현대건설우,000725,1219.6,30.83,28.73,30.97,26.95
2020-03-18,78000.0,현대건설우,000725,1241.2,28.26,24.88,28.71,20.37
2020-03-19,64500.0,현대건설우,000725,1237.8,25.82,28.47,27.76,25.22
2020-03-20,70200.0,현대건설우,000725,1280.1,28.67,26.98,29.41,22.43
2020-03-23,68500.0,현대건설우,000725,1254.1,24.6,27.03,25.34,23.36
2020-03-24,73100.0,현대건설우,000725,1274.6,26.64,27.15,27.02,24.01
2020-03-25,78400.0,현대건설우,000725,1256.0,27.05,27.39,27.32,24.49
2020-03-26,80300.0,현대건설우,000725,1230.7,25.74,26.34,25.74,22.6
2020-03-27,82000.0,현대건설우,000725,1227.9,25.04,24.93,25.08,21.51
2020-03-30,84000.0,현대건설우,000725,1212.4,23.24,22.76,23.25,20.09
2020-03-31,98500.0,현대건설우,000725,1222.6,23.43,22.74,23.43,20.48
2020-04-01,93400.0,현대건설우,000725,1220.0,21.23,24.74,21.41,20.31
2020-04-02,93200.0,현대건설우,000725,1222.2,21.55,29.94,21.57,25.32
2020-04-03,91300.0,현대건설우,000725,1237.6,24.51,34.11,24.53,28.34
2020-04-06,91100.0,현대건설우,000725,1229.8,24.87,33.05,24.86,26.08
2020-04-07,93000.0,현대건설우,000725,1233.4,24.88,31.87,24.88,23.63
2020-04-08,92100.0,현대건설우,000725,1222.4,23.52,32.84,23.55,25.09
2020-04-09,92400.0,현대건설우,000725,1219.7,23.32,31.48,23.32,22.76
2020-04-13,96200.0,현대건설우,000725,1212.3,22.31,31.74,22.3,22.41
2020-04-14,98800.0,현대건설우,000725,1218.7,21.66,29.6,21.67,20.11
2020-04-16,118500.0,현대건설우,000725,1216.7,19.72,27.82,19.83,19.87
2020-04-17,113000.0,현대건설우,000725,1227.5,20.61,28.08,20.81,18.27
2020-04-20,125000.0,현대건설우,000725,1219.3,20.78,25.57,20.88,-37.63
2020-04-21,119500.0,현대건설우,000725,1218.7,17.37,19.33,17.36,10.01
2020-04-22,123000.0,현대건설우,000725,1231.3,13.52,20.37,13.52,13.78
2020-04-23,121000.0,현대건설우,000725,1235.2,18.13,21.33,18.14,16.5
2020-04-24,120500.0,현대건설우,000725,1232.0,18.17,21.44,18.18,16.94
2020-04-27,119500.0,현대건설우,000725,1235.8,17.97,19.99,17.96,12.78
2020-04-28,117500.0,현대건설우,000725,1230.3,16.63,20.46,16.76,12.34
2020-04-29,116000.0,현대건설우,000725,1225.2,17.12,22.54,17.58,15.06
2020-05-04,115000.0,현대건설우,000725,1218.5,24.33,27.2,25.12,20.39
2020-05-06,119500.0,현대건설우,000725,1227.8,26.88,29.72,27.44,23.99
2020-05-07,118500.0,현대건설우,000725,1223.3,26.88,29.72,27.44,23.99
2020-05-08,120000.0,현대건설우,000725,1226.5,25.92,30.97,26.31,24.74
2020-05-11,116000.0,현대건설우,000725,1217.7,26.72,29.63,27.07,24.14
2020-05-12,115500.0,현대건설우,000725,1217.8,26.93,29.98,27.3,25.78
2020-05-13,114000.0,현대건설우,000725,1226.7,26.84,29.19,27.39,25.29
2020-05-14,111000.0,현대건설우,000725,1226.3,29.83,31.13,30.22,27.56
2020-05-15,108000.0,현대건설우,000725,1227.9,31.94,32.5,32.44,29.43
2020-05-18,110000.0,현대건설우,000725,1229.3,32.9,34.81,33.44,31.82
2020-05-19,111500.0,현대건설우,000725,1231.6,33.18,34.65,33.24,32.5
2020-05-20,110500.0,현대건설우,000725,1224.5,32.95,35.75,33.02,33.49
2020-05-21,108500.0,현대건설우,000725,1227.8,34.1,36.06,34.08,33.92
2020-05-22,107000.0,현대건설우,000725,1230.7,32.62,35.13,32.6,33.25
2020-05-26,110000.0,현대건설우,000725,1242.0,34.81,36.17,34.81,34.35
2020-05-27,110000.0,현대건설우,000725,1237.1,34.48,34.74,34.48,32.81
2020-05-28,108000.0,현대건설우,000725,1233.7,33.17,35.29,33.18,33.71
2020-05-29,106500.0,현대건설우,000725,1239.4,34.86,35.33,35.17,35.49
2020-06-01,107000.0,현대건설우,000725,1237.6,37.97,38.32,38.47,35.44
2020-06-02,109500.0,현대건설우,000725,1227.8,38.93,39.57,39.08,36.81
2020-06-03,113000.0,현대건설우,000725,1224.1,39.87,39.79,39.95,37.29
2020-06-04,122000.0,현대건설우,000725,1216.9,38.82,39.99,38.92,37.41
2020-06-05,119500.0,현대건설우,000725,1217.4,40.63,42.3,40.68,39.55
2020-06-08,130000.0,현대건설우,000725,1213.1,42.94,40.8,43.04,38.19
2020-06-09,135000.0,현대건설우,000725,1204.2,40.85,41.18,40.88,38.94
2020-06-10,131500.0,현대건설우,000725,1197.7,40.91,41.73,40.9,39.6
2020-06-11,136000.0,현대건설우,000725,1194.4,40.6,38.55,40.61,36.34
2020-06-12,130000.0,현대건설우,000725,1192.8,38.42,38.73,38.45,36.26
2020-06-15,128500.0,현대건설우,000725,1206.6,38.35,39.72,38.35,37.12
2020-06-16,137500.0,현대건설우,000725,1210.8,40.29,40.96,40.27,38.38
2020-06-17,144500.0,현대건설우,000725,1206.6,41.46,40.71,41.5,37.96
2020-06-18,161000.0,현대건설우,000725,1214.5,41.09,41.51,41.14,38.84
2020-06-19,209000.0,현대건설우,000725,1213.0,42.95,42.19,42.96,39.75
2020-06-22,271500.0,현대건설우,000725,1212.0,42.32,43.08,42.32,40.46
2020-06-23,352500.0,현대건설우,000725,1213.2,43.39,42.63,43.38,40.37
2020-06-24,458000.0,현대건설우,000725,1210.1,42.49,40.31,42.49,38.01
2020-06-25,458000.0,현대건설우,000725,1202.9,40.58,41.05,40.58,38.72
2020-06-26,321000.0,현대건설우,000725,1205.2,42.02,41.02,42.02,38.49
2020-06-29,254500.0,현대건설우,000725,1198.6,40.63,41.71,40.64,39.7
2020-06-30,233000.0,현대건설우,000725,1200.7,42.07,41.15,42.12,39.27
2020-07-01,221000.0,현대건설우,000725,1198.5,42.7,42.03,42.73,39.82
2020-07-02,228500.0,현대건설우,000725,1201.6,42.85,43.14,42.84,40.65
2020-07-06,244000.0,현대건설우,000725,1200.4,43.66,43.1,43.72,40.63
2020-07-07,238000.0,현대건설우,000725,1196.8,42.9,43.08,43.08,40.62
2020-07-08,309000.0,현대건설우,000725,1192.9,43.34,43.29,43.55,40.9
2020-07-09,251500.0,현대건설우,000725,1195.8,43.63,42.35,43.73,39.62
2020-07-10,233500.0,현대건설우,000725,1194.5,43.63,42.35,43.73,39.62
2020-07-13,227000.0,현대건설우,000725,1202.4,43.38,42.72,43.45,40.1
2020-07-14,225000.0,현대건설우,000725,1200.3,42.78,42.9,42.91,40.29
2020-07-15,222500.0,현대건설우,000725,1206.4,44.18,43.79,44.17,41.2
2020-07-16,219000.0,현대건설우,000725,1200.7,43.37,43.37,43.63,40.75
2020-07-17,222000.0,현대건설우,000725,1204.1,42.86,43.14,43.16,40.59
2020-07-20,244500.0,현대건설우,000725,1205.7,42.72,43.28,42.87,40.81
2020-07-21,246000.0,현대건설우,000725,1203.7,43.87,44.32,44.02,41.96
2020-07-22,265000.0,현대건설우,000725,1198.1,44.12,44.29,44.31,41.9
2020-02-14,2375.0,유니온머티리얼,047400,1181.5,55.23,57.32,55.73,52.05
2020-02-18,2320.0,유니온머티리얼,047400,1182.2,55.11,57.75,55.56,52.05
2020-02-19,2380.0,유니온머티리얼,047400,1188.1,56.39,59.12,56.87,53.29
2020-02-20,2335.0,유니온머티리얼,047400,1190.8,56.92,59.31,57.52,53.78
2020-02-21,2280.0,유니온머티리얼,047400,1197.0,56.41,58.5,57.3,53.38
2020-02-24,2045.0,유니온머티리얼,047400,1205.6,54.64,56.3,55.16,51.43
2020-02-25,2165.0,유니온머티리얼,047400,1217.7,54.48,54.95,55.07,49.9
2020-02-26,2200.0,유니온머티리얼,047400,1212.7,52.28,53.43,52.52,48.73
2020-02-27,2170.0,유니온머티리얼,047400,1216.8,50.62,52.18,50.99,47.09
2020-02-28,2060.0,유니온머티리얼,047400,1215.9,49.05,50.52,49.25,44.76
2020-03-02,2095.0,유니온머티리얼,047400,1215.3,50.58,51.9,50.87,46.75
2020-03-03,2155.0,유니온머티리얼,047400,1200.3,51.72,51.86,51.91,47.18
2020-03-04,2180.0,유니온머티리얼,047400,1191.4,50.81,51.13,51.11,46.78
2020-03-05,2265.0,유니온머티리얼,047400,1186.4,50.78,49.99,50.93,45.9
2020-03-06,2195.0,유니온머티리얼,047400,1185.0,48.58,45.27,48.87,41.28
2020-03-09,2195.0,유니온머티리얼,047400,1191.4,32.87,34.36,33.16,31.13
2020-03-10,2050.0,유니온머티리얼,047400,1201.4,34.18,37.22,34.22,34.36
2020-03-11,1910.0,유니온머티리얼,047400,1196.7,34.58,35.79,34.78,32.98
2020-03-12,1910.0,유니온머티리얼,047400,1192.8,32.69,33.22,32.96,31.5
2020-03-13,1575.0,유니온머티리얼,047400,1202.0,33.93,33.85,34.06,31.73
2020-03-16,1450.0,유니온머티리얼,047400,1222.2,31.49,30.05,31.48,28.7
2020-03-17,1375.0,유니온머티리얼,047400,1219.6,30.83,28.73,30.97,26.95
2020-03-18,1320.0,유니온머티리얼,047400,1241.2,28.26,24.88,28.71,20.37
2020-03-19,994.0,유니온머티리얼,047400,1237.8,25.82,28.47,27.76,25.22
2020-03-20,1050.0,유니온머티리얼,047400,1280.1,28.67,26.98,29.41,22.43
2020-03-23,981.0,유니온머티리얼,047400,1254.1,24.6,27.03,25.34,23.36
2020-03-24,1080.0,유니온머티리얼,047400,1274.6,26.64,27.15,27.02,24.01
2020-03-25,1235.0,유니온머티리얼,047400,1256.0,27.05,27.39,27.32,24.49
2020-03-26,1300.0,유니온머티리얼,047400,1230.7,25.74,26.34,25.74,22.6
2020-03-27,1300.0,유니온머티리얼,047400,1227.9,25.04,24.93,25.08,21.51
2020-03-30,1295.0,유니온머티리얼,047400,1212.4,23.24,22.76,23.25,20.09
2020-03-31,1500.0,유니온머티리얼,047400,1222.6,23.43,22.74,23.43,20.48
2020-04-01,1490.0,유니온머티리얼,047400,1220.0,21.23,24.74,21.41,20.31
2020-04-02,1480.0,유니온머티리얼,047400,1222.2,21.55,29.94,21.57,25.32
2020-04-03,1470.0,유니온머티리얼,047400,1237.6,24.51,34.11,24.53,28.34
2020-04-06,1540.0,유니온머티리얼,047400,1229.8,24.87,33.05,24.86,26.08
2020-04-07,1580.0,유니온머티리얼,047400,1233.4,24.88,31.87,24.88,23.63
2020-04-08,1620.0,유니온머티리얼,047400,1222.4,23.52,32.84,23.55,25.09
2020-04-09,1675.0,유니온머티리얼,047400,1219.7,23.32,31.48,23.32,22.76
2020-04-13,1595.0,유니온머티리얼,047400,1212.3,22.31,31.74,22.3,22.41
2020-04-14,1660.0,유니온머티리얼,047400,1218.7,21.66,29.6,21.67,20.11
2020-04-16,1740.0,유니온머티리얼,047400,1216.7,19.72,27.82,19.83,19.87
2020-04-17,1775.0,유니온머티리얼,047400,1227.5,20.61,28.08,20.81,18.27
2020-04-20,1760.0,유니온머티리얼,047400,1219.3,20.78,25.57,20.88,-37.63
2020-04-21,1715.0,유니온머티리얼,047400,1218.7,17.37,19.33,17.36,10.01
2020-04-22,1765.0,유니온머티리얼,047400,1231.3,13.52,20.37,13.52,13.78
2020-04-23,1795.0,유니온머티리얼,047400,1235.2,18.13,21.33,18.14,16.5
2020-04-24,1785.0,유니온머티리얼,047400,1232.0,18.17,21.44,18.18,16.94
2020-04-27,1830.0,유니온머티리얼,047400,1235.8,17.97,19.99,17.96,12.78
2020-04-28,1870.0,유니온머티리얼,047400,1230.3,16.63,20.46,16.76,12.34
2020-04-29,1860.0,유니온머티리얼,047400,1225.2,17.12,22.54,17.58,15.06
2020-05-04,2360.0,유니온머티리얼,047400,1218.5,24.33,27.2,25.12,20.39
2020-05-06,2495.0,유니온머티리얼,047400,1227.8,26.88,29.72,27.44,23.99
2020-05-07,2410.0,유니온머티리얼,047400,1223.3,26.88,29.72,27.44,23.99
2020-05-08,2395.0,유니온머티리얼,047400,1226.5,25.92,30.97,26.31,24.74
2020-05-11,2290.0,유니온머티리얼,047400,1217.7,26.72,29.63,27.07,24.14
2020-05-12,2410.0,유니온머티리얼,047400,1217.8,26.93,29.98,27.3,25.78
2020-05-13,2320.0,유니온머티리얼,047400,1226.7,26.84,29.19,27.39,25.29
2020-05-14,2480.0,유니온머티리얼,047400,1226.3,29.83,31.13,30.22,27.56
2020-05-15,2605.0,유니온머티리얼,047400,1227.9,31.94,32.5,32.44,29.43
2020-05-18,2835.0,유니온머티리얼,047400,1229.3,32.9,34.81,33.44,31.82
2020-05-19,2675.0,유니온머티리얼,047400,1231.6,33.18,34.65,33.24,32.5
2020-05-20,2580.0,유니온머티리얼,047400,1224.5,32.95,35.75,33.02,33.49
2020-05-21,2610.0,유니온머티리얼,047400,1227.8,34.1,36.06,34.08,33.92
2020-05-22,3390.0,유니온머티리얼,047400,1230.7,32.62,35.13,32.6,33.25
2020-05-26,3530.0,유니온머티리얼,047400,1242.0,34.81,36.17,34.81,34.35
2020-05-27,4150.0,유니온머티리얼,047400,1237.1,34.48,34.74,34.48,32.81
2020-05-28,4015.0,유니온머티리얼,047400,1233.7,33.17,35.29,33.18,33.71
2020-05-29,4125.0,유니온머티리얼,047400,1239.4,34.86,35.33,35.17,35.49
2020-06-01,3815.0,유니온머티리얼,047400,1237.6,37.97,38.32,38.47,35.44
2020-06-02,3915.0,유니온머티리얼,047400,1227.8,38.93,39.57,39.08,36.81
2020-06-03,3710.0,유니온머티리얼,047400,1224.1,39.87,39.79,39.95,37.29
2020-06-04,3510.0,유니온머티리얼,047400,1216.9,38.82,39.99,38.92,37.41
2020-06-05,3430.0,유니온머티리얼,047400,1217.4,40.63,42.3,40.68,39.55
2020-06-08,3525.0,유니온머티리얼,047400,1213.1,42.94,40.8,43.04,38.19
2020-06-09,3465.0,유니온머티리얼,047400,1204.2,40.85,41.18,40.88,38.94
2020-06-10,3410.0,유니온머티리얼,047400,1197.7,40.91,41.73,40.9,39.6
2020-06-11,3510.0,유니온머티리얼,047400,1194.4,40.6,38.55,40.61,36.34
2020-06-12,3405.0,유니온머티리얼,047400,1192.8,38.42,38.73,38.45,36.26
2020-06-15,3030.0,유니온머티리얼,047400,1206.6,38.35,39.72,38.35,37.12
2020-06-16,3145.0,유니온머티리얼,047400,1210.8,40.29,40.96,40.27,38.38
2020-06-17,3330.0,유니온머티리얼,047400,1206.6,41.46,40.71,41.5,37.96
2020-06-18,3505.0,유니온머티리얼,047400,1214.5,41.09,41.51,41.14,38.84
2020-06-19,3470.0,유니온머티리얼,047400,1213.0,42.95,42.19,42.96,39.75
2020-06-22,3440.0,유니온머티리얼,047400,1212.0,42.32,43.08,42.32,40.46
2020-06-23,3660.0,유니온머티리얼,047400,1213.2,43.39,42.63,43.38,40.37
2020-06-24,3405.0,유니온머티리얼,047400,1210.1,42.49,40.31,42.49,38.01
2020-06-25,3530.0,유니온머티리얼,047400,1202.9,40.58,41.05,40.58,38.72
2020-06-26,3710.0,유니온머티리얼,047400,1205.2,42.02,41.02,42.02,38.49
2020-06-29,4030.0,유니온머티리얼,047400,1198.6,40.63,41.71,40.64,39.7
2020-06-30,4115.0,유니온머티리얼,047400,1200.7,42.07,41.15,42.12,39.27
2020-07-01,3920.0,유니온머티리얼,047400,1198.5,42.7,42.03,42.73,39.82
2020-07-02,3815.0,유니온머티리얼,047400,1201.6,42.85,43.14,42.84,40.65
2020-07-06,3860.0,유니온머티리얼,047400,1200.4,43.66,43.1,43.72,40.63
2020-07-07,4045.0,유니온머티리얼,047400,1196.8,42.9,43.08,43.08,40.62
2020-07-08,4020.0,유니온머티리얼,047400,1192.9,43.34,43.29,43.55,40.9
2020-07-09,3845.0,유니온머티리얼,047400,1195.8,43.63,42.35,43.73,39.62
2020-07-10,3875.0,유니온머티리얼,047400,1194.5,43.63,42.35,43.73,39.62
2020-07-13,3885.0,유니온머티리얼,047400,1202.4,43.38,42.72,43.45,40.1
2020-07-14,3930.0,유니온머티리얼,047400,1200.3,42.78,42.9,42.91,40.29
2020-07-15,4175.0,유니온머티리얼,047400,1206.4,44.18,43.79,44.17,41.2
2020-07-16,4020.0,유니온머티리얼,047400,1200.7,43.37,43.37,43.63,40.75
2020-07-17,3950.0,유니온머티리얼,047400,1204.1,42.86,43.14,43.16,40.59
2020-07-20,3800.0,유니온머티리얼,047400,1205.7,42.72,43.28,42.87,40.81
2020-07-21,3700.0,유니온머티리얼,047400,1203.7,43.87,44.32,44.02,41.96
2020-07-22,3695.0,유니온머티리얼,047400,1198.1,44.12,44.29,44.31,41.9
2020-02-14,57000.0,두산2우B,000157,1181.5,55.23,57.32,55.73,52.05
2020-02-18,58300.0,두산2우B,000157,1182.2,55.11,57.75,55.56,52.05
2020-02-19,58400.0,두산2우B,000157,1188.1,56.39,59.12,56.87,53.29
2020-02-20,58000.0,두산2우B,000157,1190.8,56.92,59.31,57.52,53.78
2020-02-21,56500.0,두산2우B,000157,1197.0,56.41,58.5,57.3,53.38
2020-02-24,55600.0,두산2우B,000157,1205.6,54.64,56.3,55.16,51.43
2020-02-25,56300.0,두산2우B,000157,1217.7,54.48,54.95,55.07,49.9
2020-02-26,58900.0,두산2우B,000157,1212.7,52.28,53.43,52.52,48.73
2020-02-27,58000.0,두산2우B,000157,1216.8,50.62,52.18,50.99,47.09
2020-02-28,56100.0,두산2우B,000157,1215.9,49.05,50.52,49.25,44.76
2020-03-02,57200.0,두산2우B,000157,1215.3,50.58,51.9,50.87,46.75
2020-03-03,55900.0,두산2우B,000157,1200.3,51.72,51.86,51.91,47.18
2020-03-04,56200.0,두산2우B,000157,1191.4,50.81,51.13,51.11,46.78
2020-03-05,57200.0,두산2우B,000157,1186.4,50.78,49.99,50.93,45.9
2020-03-06,56900.0,두산2우B,000157,1185.0,48.58,45.27,48.87,41.28
2020-03-09,56900.0,두산2우B,000157,1191.4,32.87,34.36,33.16,31.13
2020-03-10,55700.0,두산2우B,000157,1201.4,34.18,37.22,34.22,34.36
2020-03-11,47000.0,두산2우B,000157,1196.7,34.58,35.79,34.78,32.98
2020-03-12,47000.0,두산2우B,000157,1192.8,32.69,33.22,32.96,31.5
2020-03-13,33950.0,두산2우B,000157,1202.0,33.93,33.85,34.06,31.73
2020-03-16,35000.0,두산2우B,000157,1222.2,31.49,30.05,31.48,28.7
2020-03-17,34000.0,두산2우B,000157,1219.6,30.83,28.73,30.97,26.95
2020-03-18,33850.0,두산2우B,000157,1241.2,28.26,24.88,28.71,20.37
2020-03-19,29200.0,두산2우B,000157,1237.8,25.82,28.47,27.76,25.22
2020-03-20,27300.0,두산2우B,000157,1280.1,28.67,26.98,29.41,22.43
2020-03-23,25800.0,두산2우B,000157,1254.1,24.6,27.03,25.34,23.36
2020-03-24,28500.0,두산2우B,000157,1274.6,26.64,27.15,27.02,24.01
2020-03-25,35600.0,두산2우B,000157,1256.0,27.05,27.39,27.32,24.49
2020-03-26,34600.0,두산2우B,000157,1230.7,25.74,26.34,25.74,22.6
2020-03-27,38100.0,두산2우B,000157,1227.9,25.04,24.93,25.08,21.51
2020-03-30,35000.0,두산2우B,000157,1212.4,23.24,22.76,23.25,20.09
2020-03-31,32300.0,두산2우B,000157,1222.6,23.43,22.74,23.43,20.48
2020-04-01,32550.0,두산2우B,000157,1220.0,21.23,24.74,21.41,20.31
2020-04-02,32700.0,두산2우B,000157,1222.2,21.55,29.94,21.57,25.32
2020-04-03,32850.0,두산2우B,000157,1237.6,24.51,34.11,24.53,28.34
2020-04-06,33450.0,두산2우B,000157,1229.8,24.87,33.05,24.86,26.08
2020-04-07,33100.0,두산2우B,000157,1233.4,24.88,31.87,24.88,23.63
2020-04-08,33500.0,두산2우B,000157,1222.4,23.52,32.84,23.55,25.09
2020-04-09,34250.0,두산2우B,000157,1219.7,23.32,31.48,23.32,22.76
2020-04-13,34100.0,두산2우B,000157,1212.3,22.31,31.74,22.3,22.41
2020-04-14,33950.0,두산2우B,000157,1218.7,21.66,29.6,21.67,20.11
2020-04-16,33050.0,두산2우B,000157,1216.7,19.72,27.82,19.83,19.87
2020-04-17,33100.0,두산2우B,000157,1227.5,20.61,28.08,20.81,18.27
2020-04-20,32750.0,두산2우B,000157,1219.3,20.78,25.57,20.88,-37.63
2020-04-21,32050.0,두산2우B,000157,1218.7,17.37,19.33,17.36,10.01
2020-04-22,31400.0,두산2우B,000157,1231.3,13.52,20.37,13.52,13.78
2020-04-23,31000.0,두산2우B,000157,1235.2,18.13,21.33,18.14,16.5
2020-04-24,30100.0,두산2우B,000157,1232.0,18.17,21.44,18.18,16.94
2020-04-27,31750.0,두산2우B,000157,1235.8,17.97,19.99,17.96,12.78
2020-04-28,32800.0,두산2우B,000157,1230.3,16.63,20.46,16.76,12.34
2020-04-29,32500.0,두산2우B,000157,1225.2,17.12,22.54,17.58,15.06
2020-05-04,31750.0,두산2우B,000157,1218.5,24.33,27.2,25.12,20.39
2020-05-06,31750.0,두산2우B,000157,1227.8,26.88,29.72,27.44,23.99
2020-05-07,31450.0,두산2우B,000157,1223.3,26.88,29.72,27.44,23.99
2020-05-08,31950.0,두산2우B,000157,1226.5,25.92,30.97,26.31,24.74
2020-05-11,32900.0,두산2우B,000157,1217.7,26.72,29.63,27.07,24.14
2020-05-12,32400.0,두산2우B,000157,1217.8,26.93,29.98,27.3,25.78
2020-05-13,42100.0,두산2우B,000157,1226.7,26.84,29.19,27.39,25.29
2020-05-14,54700.0,두산2우B,000157,1226.3,29.83,31.13,30.22,27.56
2020-05-15,50000.0,두산2우B,000157,1227.9,31.94,32.5,32.44,29.43
2020-05-18,53500.0,두산2우B,000157,1229.3,32.9,34.81,33.44,31.82
2020-05-19,50800.0,두산2우B,000157,1231.6,33.18,34.65,33.24,32.5
2020-05-20,49850.0,두산2우B,000157,1224.5,32.95,35.75,33.02,33.49
2020-05-21,47600.0,두산2우B,000157,1227.8,34.1,36.06,34.08,33.92
2020-05-22,45300.0,두산2우B,000157,1230.7,32.62,35.13,32.6,33.25
2020-05-26,46850.0,두산2우B,000157,1242.0,34.81,36.17,34.81,34.35
2020-05-27,45500.0,두산2우B,000157,1237.1,34.48,34.74,34.48,32.81
2020-05-28,43000.0,두산2우B,000157,1233.7,33.17,35.29,33.18,33.71
2020-05-29,42000.0,두산2우B,000157,1239.4,34.86,35.33,35.17,35.49
2020-06-01,42850.0,두산2우B,000157,1237.6,37.97,38.32,38.47,35.44
2020-06-02,43750.0,두산2우B,000157,1227.8,38.93,39.57,39.08,36.81
2020-06-03,43800.0,두산2우B,000157,1224.1,39.87,39.79,39.95,37.29
2020-06-04,42150.0,두산2우B,000157,1216.9,38.82,39.99,38.92,37.41
2020-06-05,47500.0,두산2우B,000157,1217.4,40.63,42.3,40.68,39.55
2020-06-08,48250.0,두산2우B,000157,1213.1,42.94,40.8,43.04,38.19
2020-06-09,46700.0,두산2우B,000157,1204.2,40.85,41.18,40.88,38.94
2020-06-10,47850.0,두산2우B,000157,1197.7,40.91,41.73,40.9,39.6
2020-06-11,49400.0,두산2우B,000157,1194.4,40.6,38.55,40.61,36.34
2020-06-12,64200.0,두산2우B,000157,1192.8,38.42,38.73,38.45,36.26
2020-06-15,48600.0,두산2우B,000157,1206.6,38.35,39.72,38.35,37.12
2020-06-16,63100.0,두산2우B,000157,1210.8,40.29,40.96,40.27,38.38
2020-06-17,82000.0,두산2우B,000157,1206.6,41.46,40.71,41.5,37.96
2020-06-18,106500.0,두산2우B,000157,1214.5,41.09,41.51,41.14,38.84
2020-06-19,85000.0,두산2우B,000157,1213.0,42.95,42.19,42.96,39.75
2020-06-22,66500.0,두산2우B,000157,1212.0,42.32,43.08,42.32,40.46
2020-06-23,86400.0,두산2우B,000157,1213.2,43.39,42.63,43.38,40.37
2020-06-24,76200.0,두산2우B,000157,1210.1,42.49,40.31,42.49,38.01
2020-06-25,74200.0,두산2우B,000157,1202.9,40.58,41.05,40.58,38.72
2020-06-26,72500.0,두산2우B,000157,1205.2,42.02,41.02,42.02,38.49
2020-06-29,72800.0,두산2우B,000157,1198.6,40.63,41.71,40.64,39.7
2020-06-30,73100.0,두산2우B,000157,1200.7,42.07,41.15,42.12,39.27
2020-07-01,69700.0,두산2우B,000157,1198.5,42.7,42.03,42.73,39.82
2020-07-02,75800.0,두산2우B,000157,1201.6,42.85,43.14,42.84,40.65
2020-07-06,74600.0,두산2우B,000157,1200.4,43.66,43.1,43.72,40.63
2020-07-07,75200.0,두산2우B,000157,1196.8,42.9,43.08,43.08,40.62
2020-07-08,77800.0,두산2우B,000157,1192.9,43.34,43.29,43.55,40.9
2020-07-09,79200.0,두산2우B,000157,1195.8,43.63,42.35,43.73,39.62
2020-07-10,75100.0,두산2우B,000157,1194.5,43.63,42.35,43.73,39.62
2020-07-13,73800.0,두산2우B,000157,1202.4,43.38,42.72,43.45,40.1
2020-07-14,72300.0,두산2우B,000157,1200.3,42.78,42.9,42.91,40.29
2020-07-15,70700.0,두산2우B,000157,1206.4,44.18,43.79,44.17,41.2
2020-07-16,68400.0,두산2우B,000157,1200.7,43.37,43.37,43.63,40.75
2020-07-17,67900.0,두산2우B,000157,1204.1,42.86,43.14,43.16,40.59
2020-07-20,67700.0,두산2우B,000157,1205.7,42.72,43.28,42.87,40.81
2020-07-21,88000.0,두산2우B,000157,1203.7,43.87,44.32,44.02,41.96
2020-07-22,95000.0,두산2우B,000157,1198.1,44.12,44.29,44.31,41.9
2020-02-14,3710.0,모나미,005360,1181.5,55.23,57.32,55.73,52.05
2020-02-18,3655.0,모나미,005360,1182.2,55.11,57.75,55.56,52.05
2020-02-19,3675.0,모나미,005360,1188.1,56.39,59.12,56.87,53.29
2020-02-20,3550.0,모나미,005360,1190.8,56.92,59.31,57.52,53.78
2020-02-21,3440.0,모나미,005360,1197.0,56.41,58.5,57.3,53.38
2020-02-24,3255.0,모나미,005360,1205.6,54.64,56.3,55.16,51.43
2020-02-25,3400.0,모나미,005360,1217.7,54.48,54.95,55.07,49.9
2020-02-26,3285.0,모나미,005360,1212.7,52.28,53.43,52.52,48.73
2020-02-27,3135.0,모나미,005360,1216.8,50.62,52.18,50.99,47.09
2020-02-28,2955.0,모나미,005360,1215.9,49.05,50.52,49.25,44.76
2020-03-02,3000.0,모나미,005360,1215.3,50.58,51.9,50.87,46.75
2020-03-03,2980.0,모나미,005360,1200.3,51.72,51.86,51.91,47.18
2020-03-04,3050.0,모나미,005360,1191.4,50.81,51.13,51.11,46.78
2020-03-05,3105.0,모나미,005360,1186.4,50.78,49.99,50.93,45.9
2020-03-06,3345.0,모나미,005360,1185.0,48.58,45.27,48.87,41.28
2020-03-09,3345.0,모나미,005360,1191.4,32.87,34.36,33.16,31.13
2020-03-10,3220.0,모나미,005360,1201.4,34.18,37.22,34.22,34.36
2020-03-11,2920.0,모나미,005360,1196.7,34.58,35.79,34.78,32.98
2020-03-12,2645.0,모나미,005360,1192.8,32.69,33.22,32.96,31.5
2020-03-13,2295.0,모나미,005360,1202.0,33.93,33.85,34.06,31.73
2020-03-16,2170.0,모나미,005360,1222.2,31.49,30.05,31.48,28.7
2020-03-17,2180.0,모나미,005360,1219.6,30.83,28.73,30.97,26.95
2020-03-18,2000.0,모나미,005360,1241.2,28.26,24.88,28.71,20.37
2020-03-19,1705.0,모나미,005360,1237.8,25.82,28.47,27.76,25.22
2020-03-20,1810.0,모나미,005360,1280.1,28.67,26.98,29.41,22.43
2020-03-23,1775.0,모나미,005360,1254.1,24.6,27.03,25.34,23.36
2020-03-24,1865.0,모나미,005360,1274.6,26.64,27.15,27.02,24.01
2020-03-25,1965.0,모나미,005360,1256.0,27.05,27.39,27.32,24.49
2020-03-26,2090.0,모나미,005360,1230.7,25.74,26.34,25.74,22.6
2020-03-27,2135.0,모나미,005360,1227.9,25.04,24.93,25.08,21.51
2020-03-30,2635.0,모나미,005360,1212.4,23.24,22.76,23.25,20.09
2020-03-31,2685.0,모나미,005360,1222.6,23.43,22.74,23.43,20.48
2020-04-01,2655.0,모나미,005360,1220.0,21.23,24.74,21.41,20.31
2020-04-02,2715.0,모나미,005360,1222.2,21.55,29.94,21.57,25.32
2020-04-03,2730.0,모나미,005360,1237.6,24.51,34.11,24.53,28.34
2020-04-06,2765.0,모나미,005360,1229.8,24.87,33.05,24.86,26.08
2020-04-07,2845.0,모나미,005360,1233.4,24.88,31.87,24.88,23.63
2020-04-08,2915.0,모나미,005360,1222.4,23.52,32.84,23.55,25.09
2020-04-09,3000.0,모나미,005360,1219.7,23.32,31.48,23.32,22.76
2020-04-13,2800.0,모나미,005360,1212.3,22.31,31.74,22.3,22.41
2020-04-14,2895.0,모나미,005360,1218.7,21.66,29.6,21.67,20.11
2020-04-16,3025.0,모나미,005360,1216.7,19.72,27.82,19.83,19.87
2020-04-17,3140.0,모나미,005360,1227.5,20.61,28.08,20.81,18.27
2020-04-20,3120.0,모나미,005360,1219.3,20.78,25.57,20.88,-37.63
2020-04-21,3000.0,모나미,005360,1218.7,17.37,19.33,17.36,10.01
2020-04-22,2955.0,모나미,005360,1231.3,13.52,20.37,13.52,13.78
2020-04-23,3050.0,모나미,005360,1235.2,18.13,21.33,18.14,16.5
2020-04-24,2965.0,모나미,005360,1232.0,18.17,21.44,18.18,16.94
2020-04-27,3025.0,모나미,005360,1235.8,17.97,19.99,17.96,12.78
2020-04-28,3165.0,모나미,005360,1230.3,16.63,20.46,16.76,12.34
2020-04-29,3260.0,모나미,005360,1225.2,17.12,22.54,17.58,15.06
2020-05-04,3340.0,모나미,005360,1218.5,24.33,27.2,25.12,20.39
2020-05-06,3295.0,모나미,005360,1227.8,26.88,29.72,27.44,23.99
2020-05-07,3265.0,모나미,005360,1223.3,26.88,29.72,27.44,23.99
2020-05-08,3300.0,모나미,005360,1226.5,25.92,30.97,26.31,24.74
2020-05-11,3170.0,모나미,005360,1217.7,26.72,29.63,27.07,24.14
2020-05-12,3170.0,모나미,005360,1217.8,26.93,29.98,27.3,25.78
2020-05-13,3225.0,모나미,005360,1226.7,26.84,29.19,27.39,25.29
2020-05-14,3245.0,모나미,005360,1226.3,29.83,31.13,30.22,27.56
2020-05-15,3365.0,모나미,005360,1227.9,31.94,32.5,32.44,29.43
2020-05-18,3265.0,모나미,005360,1229.3,32.9,34.81,33.44,31.82
2020-05-19,3300.0,모나미,005360,1231.6,33.18,34.65,33.24,32.5
2020-05-20,3335.0,모나미,005360,1224.5,32.95,35.75,33.02,33.49
2020-05-21,3445.0,모나미,005360,1227.8,34.1,36.06,34.08,33.92
2020-05-22,3560.0,모나미,005360,1230.7,32.62,35.13,32.6,33.25
2020-05-26,3540.0,모나미,005360,1242.0,34.81,36.17,34.81,34.35
2020-05-27,3605.0,모나미,005360,1237.1,34.48,34.74,34.48,32.81
2020-05-28,3495.0,모나미,005360,1233.7,33.17,35.29,33.18,33.71
2020-05-29,3580.0,모나미,005360,1239.4,34.86,35.33,35.17,35.49
2020-06-01,4500.0,모나미,005360,1237.6,37.97,38.32,38.47,35.44
2020-06-02,4760.0,모나미,005360,1227.8,38.93,39.57,39.08,36.81
2020-06-03,4645.0,모나미,005360,1224.1,39.87,39.79,39.95,37.29
2020-06-04,5310.0,모나미,005360,1216.9,38.82,39.99,38.92,37.41
2020-06-05,5210.0,모나미,005360,1217.4,40.63,42.3,40.68,39.55
2020-06-08,5250.0,모나미,005360,1213.1,42.94,40.8,43.04,38.19
2020-06-09,5270.0,모나미,005360,1204.2,40.85,41.18,40.88,38.94
2020-06-10,4955.0,모나미,005360,1197.7,40.91,41.73,40.9,39.6
2020-06-11,4740.0,모나미,005360,1194.4,40.6,38.55,40.61,36.34
2020-06-12,4635.0,모나미,005360,1192.8,38.42,38.73,38.45,36.26
2020-06-15,4410.0,모나미,005360,1206.6,38.35,39.72,38.35,37.12
2020-06-16,4500.0,모나미,005360,1210.8,40.29,40.96,40.27,38.38
2020-06-17,4385.0,모나미,005360,1206.6,41.46,40.71,41.5,37.96
2020-06-18,4175.0,모나미,005360,1214.5,41.09,41.51,41.14,38.84
2020-06-19,5420.0,모나미,005360,1213.0,42.95,42.19,42.96,39.75
2020-06-22,5260.0,모나미,005360,1212.0,42.32,43.08,42.32,40.46
2020-06-23,5170.0,모나미,005360,1213.2,43.39,42.63,43.38,40.37
2020-06-24,5400.0,모나미,005360,1210.1,42.49,40.31,42.49,38.01
2020-06-25,5130.0,모나미,005360,1202.9,40.58,41.05,40.58,38.72
2020-06-26,5250.0,모나미,005360,1205.2,42.02,41.02,42.02,38.49
2020-06-29,5400.0,모나미,005360,1198.6,40.63,41.71,40.64,39.7
2020-06-30,5390.0,모나미,005360,1200.7,42.07,41.15,42.12,39.27
2020-07-01,5250.0,모나미,005360,1198.5,42.7,42.03,42.73,39.82
2020-07-02,5190.0,모나미,005360,1201.6,42.85,43.14,42.84,40.65
2020-07-06,5090.0,모나미,005360,1200.4,43.66,43.1,43.72,40.63
2020-07-07,5240.0,모나미,005360,1196.8,42.9,43.08,43.08,40.62
2020-07-08,5200.0,모나미,005360,1192.9,43.34,43.29,43.55,40.9
2020-07-09,5160.0,모나미,005360,1195.8,43.63,42.35,43.73,39.62
2020-07-10,5070.0,모나미,005360,1194.5,43.63,42.35,43.73,39.62
2020-07-13,5090.0,모나미,005360,1202.4,43.38,42.72,43.45,40.1
2020-07-14,5490.0,모나미,005360,1200.3,42.78,42.9,42.91,40.29
2020-07-15,5430.0,모나미,005360,1206.4,44.18,43.79,44.17,41.2
2020-07-16,5290.0,모나미,005360,1200.7,43.37,43.37,43.63,40.75
2020-07-17,5390.0,모나미,005360,1204.1,42.86,43.14,43.16,40.59
2020-07-20,5610.0,모나미,005360,1205.7,42.72,43.28,42.87,40.81
2020-07-21,5830.0,모나미,005360,1203.7,43.87,44.32,44.02,41.96
2020-07-22,6130.0,모나미,005360,1198.1,44.12,44.29,44.31,41.9
2020-02-14,6750.0,드림텍,192650,1181.5,55.23,57.32,55.73,52.05
2020-02-18,6710.0,드림텍,192650,1182.2,55.11,57.75,55.56,52.05
2020-02-19,6560.0,드림텍,192650,1188.1,56.39,59.12,56.87,53.29
2020-02-20,6520.0,드림텍,192650,1190.8,56.92,59.31,57.52,53.78
2020-02-21,6330.0,드림텍,192650,1197.0,56.41,58.5,57.3,53.38
2020-02-24,6010.0,드림텍,192650,1205.6,54.64,56.3,55.16,51.43
2020-02-25,6300.0,드림텍,192650,1217.7,54.48,54.95,55.07,49.9
2020-02-26,6170.0,드림텍,192650,1212.7,52.28,53.43,52.52,48.73
2020-02-27,5960.0,드림텍,192650,1216.8,50.62,52.18,50.99,47.09
2020-02-28,5710.0,드림텍,192650,1215.9,49.05,50.52,49.25,44.76
2020-03-02,5770.0,드림텍,192650,1215.3,50.58,51.9,50.87,46.75
2020-03-03,5830.0,드림텍,192650,1200.3,51.72,51.86,51.91,47.18
2020-03-04,5940.0,드림텍,192650,1191.4,50.81,51.13,51.11,46.78
2020-03-05,6180.0,드림텍,192650,1186.4,50.78,49.99,50.93,45.9
2020-03-06,6010.0,드림텍,192650,1185.0,48.58,45.27,48.87,41.28
2020-03-09,5630.0,드림텍,192650,1191.4,32.87,34.36,33.16,31.13
2020-03-10,5640.0,드림텍,192650,1201.4,34.18,37.22,34.22,34.36
2020-03-11,5290.0,드림텍,192650,1196.7,34.58,35.79,34.78,32.98
2020-03-12,4745.0,드림텍,192650,1192.8,32.69,33.22,32.96,31.5
2020-03-13,4355.0,드림텍,192650,1202.0,33.93,33.85,34.06,31.73
2020-03-16,4120.0,드림텍,192650,1222.2,31.49,30.05,31.48,28.7
2020-03-17,4080.0,드림텍,192650,1219.6,30.83,28.73,30.97,26.95
2020-03-18,3840.0,드림텍,192650,1241.2,28.26,24.88,28.71,20.37
2020-03-19,3020.0,드림텍,192650,1237.8,25.82,28.47,27.76,25.22
2020-03-20,3520.0,드림텍,192650,1280.1,28.67,26.98,29.41,22.43
2020-03-23,3550.0,드림텍,192650,1254.1,24.6,27.03,25.34,23.36
2020-03-24,3855.0,드림텍,192650,1274.6,26.64,27.15,27.02,24.01
2020-03-25,4150.0,드림텍,192650,1256.0,27.05,27.39,27.32,24.49
2020-03-26,4190.0,드림텍,192650,1230.7,25.74,26.34,25.74,22.6
2020-03-27,4110.0,드림텍,192650,1227.9,25.04,24.93,25.08,21.51
2020-03-30,4440.0,드림텍,192650,1212.4,23.24,22.76,23.25,20.09
2020-03-31,4650.0,드림텍,192650,1222.6,23.43,22.74,23.43,20.48
2020-04-01,4570.0,드림텍,192650,1220.0,21.23,24.74,21.41,20.31
2020-04-02,5210.0,드림텍,192650,1222.2,21.55,29.94,21.57,25.32
2020-04-03,5060.0,드림텍,192650,1237.6,24.51,34.11,24.53,28.34
2020-04-06,5160.0,드림텍,192650,1229.8,24.87,33.05,24.86,26.08
2020-04-07,5210.0,드림텍,192650,1233.4,24.88,31.87,24.88,23.63
2020-04-08,5300.0,드림텍,192650,1222.4,23.52,32.84,23.55,25.09
2020-04-09,5360.0,드림텍,192650,1219.7,23.32,31.48,23.32,22.76
2020-04-13,5070.0,드림텍,192650,1212.3,22.31,31.74,22.3,22.41
2020-04-14,5100.0,드림텍,192650,1218.7,21.66,29.6,21.67,20.11
2020-04-16,5110.0,드림텍,192650,1216.7,19.72,27.82,19.83,19.87
2020-04-17,5230.0,드림텍,192650,1227.5,20.61,28.08,20.81,18.27
2020-04-20,5360.0,드림텍,192650,1219.3,20.78,25.57,20.88,-37.63
2020-04-21,5800.0,드림텍,192650,1218.7,17.37,19.33,17.36,10.01
2020-04-22,5820.0,드림텍,192650,1231.3,13.52,20.37,13.52,13.78
2020-04-23,5970.0,드림텍,192650,1235.2,18.13,21.33,18.14,16.5
2020-04-24,6440.0,드림텍,192650,1232.0,18.17,21.44,18.18,16.94
2020-04-27,7130.0,드림텍,192650,1235.8,17.97,19.99,17.96,12.78
2020-04-28,6710.0,드림텍,192650,1230.3,16.63,20.46,16.76,12.34
2020-04-29,6760.0,드림텍,192650,1225.2,17.12,22.54,17.58,15.06
2020-05-04,6360.0,드림텍,192650,1218.5,24.33,27.2,25.12,20.39
2020-05-06,6560.0,드림텍,192650,1227.8,26.88,29.72,27.44,23.99
2020-05-07,6620.0,드림텍,192650,1223.3,26.88,29.72,27.44,23.99
2020-05-08,6600.0,드림텍,192650,1226.5,25.92,30.97,26.31,24.74
2020-05-11,6550.0,드림텍,192650,1217.7,26.72,29.63,27.07,24.14
2020-05-12,6410.0,드림텍,192650,1217.8,26.93,29.98,27.3,25.78
2020-05-13,6580.0,드림텍,192650,1226.7,26.84,29.19,27.39,25.29
2020-05-14,6520.0,드림텍,192650,1226.3,29.83,31.13,30.22,27.56
2020-05-15,6330.0,드림텍,192650,1227.9,31.94,32.5,32.44,29.43
2020-05-18,6400.0,드림텍,192650,1229.3,32.9,34.81,33.44,31.82
2020-05-19,6480.0,드림텍,192650,1231.6,33.18,34.65,33.24,32.5
2020-05-20,6540.0,드림텍,192650,1224.5,32.95,35.75,33.02,33.49
2020-05-21,6640.0,드림텍,192650,1227.8,34.1,36.06,34.08,33.92
2020-05-22,6380.0,드림텍,192650,1230.7,32.62,35.13,32.6,33.25
2020-05-26,6730.0,드림텍,192650,1242.0,34.81,36.17,34.81,34.35
2020-05-27,6590.0,드림텍,192650,1237.1,34.48,34.74,34.48,32.81
2020-05-28,6320.0,드림텍,192650,1233.7,33.17,35.29,33.18,33.71
2020-05-29,6510.0,드림텍,192650,1239.4,34.86,35.33,35.17,35.49
2020-06-01,6800.0,드림텍,192650,1237.6,37.97,38.32,38.47,35.44
2020-06-02,6830.0,드림텍,192650,1227.8,38.93,39.57,39.08,36.81
2020-06-03,6650.0,드림텍,192650,1224.1,39.87,39.79,39.95,37.29
2020-06-04,8330.0,드림텍,192650,1216.9,38.82,39.99,38.92,37.41
2020-06-05,10000.0,드림텍,192650,1217.4,40.63,42.3,40.68,39.55
2020-06-08,9460.0,드림텍,192650,1213.1,42.94,40.8,43.04,38.19
2020-06-09,9670.0,드림텍,192650,1204.2,40.85,41.18,40.88,38.94
2020-06-10,9220.0,드림텍,192650,1197.7,40.91,41.73,40.9,39.6
2020-06-11,9050.0,드림텍,192650,1194.4,40.6,38.55,40.61,36.34
2020-06-12,8750.0,드림텍,192650,1192.8,38.42,38.73,38.45,36.26
2020-06-15,8240.0,드림텍,192650,1206.6,38.35,39.72,38.35,37.12
2020-06-16,9330.0,드림텍,192650,1210.8,40.29,40.96,40.27,38.38
2020-06-17,9020.0,드림텍,192650,1206.6,41.46,40.71,41.5,37.96
2020-06-18,8670.0,드림텍,192650,1214.5,41.09,41.51,41.14,38.84
2020-06-19,9370.0,드림텍,192650,1213.0,42.95,42.19,42.96,39.75
2020-06-22,9240.0,드림텍,192650,1212.0,42.32,43.08,42.32,40.46
2020-06-23,9260.0,드림텍,192650,1213.2,43.39,42.63,43.38,40.37
2020-06-24,9050.0,드림텍,192650,1210.1,42.49,40.31,42.49,38.01
2020-06-25,9120.0,드림텍,192650,1202.9,40.58,41.05,40.58,38.72
2020-06-26,8920.0,드림텍,192650,1205.2,42.02,41.02,42.02,38.49
2020-06-29,8450.0,드림텍,192650,1198.6,40.63,41.71,40.64,39.7
2020-06-30,8450.0,드림텍,192650,1200.7,42.07,41.15,42.12,39.27
2020-07-01,8700.0,드림텍,192650,1198.5,42.7,42.03,42.73,39.82
2020-07-02,8700.0,드림텍,192650,1201.6,42.85,43.14,42.84,40.65
2020-07-06,9160.0,드림텍,192650,1200.4,43.66,43.1,43.72,40.63
2020-07-07,8930.0,드림텍,192650,1196.8,42.9,43.08,43.08,40.62
2020-07-08,9050.0,드림텍,192650,1192.9,43.34,43.29,43.55,40.9
2020-07-09,9700.0,드림텍,192650,1195.8,43.63,42.35,43.73,39.62
2020-07-10,9800.0,드림텍,192650,1194.5,43.63,42.35,43.73,39.62
2020-07-13,12700.0,드림텍,192650,1202.4,43.38,42.72,43.45,40.1
2020-07-14,11950.0,드림텍,192650,1200.3,42.78,42.9,42.91,40.29
2020-07-15,11550.0,드림텍,192650,1206.4,44.18,43.79,44.17,41.2
2020-07-16,11200.0,드림텍,192650,1200.7,43.37,43.37,43.63,40.75
2020-07-17,11250.0,드림텍,192650,1204.1,42.86,43.14,43.16,40.59
2020-07-20,11300.0,드림텍,192650,1205.7,42.72,43.28,42.87,40.81
2020-07-21,11950.0,드림텍,192650,1203.7,43.87,44.32,44.02,41.96
2020-07-22,11500.0,드림텍,192650,1198.1,44.12,44.29,44.31,41.9
