,date,name,code,Close,dollar,WTI,NASDAQ,DOW,interest_rate,news
0,2020-02-14,키이스트,54780,19787,1181.5,52.05,9731.18,29398.08,1.24,1
1,2020-02-18,키이스트,54780,19136,1182.2,52.05,9732.74,29232.19,1.23,0
2,2020-02-19,키이스트,54780,19261,1188.1,53.29,9817.18,29348.03,1.24,0
3,2020-02-20,키이스트,54780,19286,1190.8,53.78,9750.97,29219.98,1.23,0
4,2020-02-21,키이스트,54780,17858,1197.0,53.38,9576.59,28992.41,1.23,0
5,2020-02-24,키이스트,54780,19161,1205.6,51.43,9221.28,27960.8,1.24,1
6,2020-02-25,키이스트,54780,18009,1217.7,49.9,8965.61,27081.36,1.25,0
7,2020-02-26,키이스트,54780,16506,1212.7,48.73,8980.77,26957.59,1.25,0
8,2020-02-27,키이스트,54780,15654,1216.8,47.09,8566.48,25766.64,1.23,0
9,2020-02-28,키이스트,54780,14978,1215.9,44.76,8567.37,25409.36,1.26,0
10,2020-03-02,키이스트,54780,15178,1215.3,46.75,8952.17,26703.32,1.26,0
11,2020-03-03,키이스트,54780,14101,1200.3,47.18,8684.09,25917.41,1.26,1
12,2020-03-04,키이스트,54780,14427,1191.4,46.78,9018.09,27090.86,1.25,0
13,2020-03-05,키이스트,54780,14277,1186.4,45.9,8738.59,26121.28,1.25,0
14,2020-03-06,키이스트,54780,13876,1185.0,41.28,8575.62,25864.78,1.24,0
15,2020-03-09,키이스트,54780,12874,1191.4,31.13,7950.68,23851.02,1.26,0
16,2020-03-10,키이스트,54780,13425,1201.4,34.36,8344.25,25018.16,1.25,0
17,2020-03-11,키이스트,54780,12323,1196.7,32.98,7952.05,23553.22,1.24,0
18,2020-03-12,키이스트,54780,11497,1192.8,31.5,7201.8,21200.62,1.25,0
19,2020-03-13,키이스트,54780,10495,1202.0,31.73,7874.88,23185.62,1.25,0
20,2020-03-16,키이스트,54780,9818,1222.2,28.7,6904.59,20188.52,1.27,0
21,2020-03-17,키이스트,54780,10044,1219.6,26.95,7334.78,21237.38,0.76,0
22,2020-03-18,키이스트,54780,9017,1241.2,20.37,6989.84,19898.92,0.73,0
23,2020-03-19,키이스트,54780,7163,1237.8,25.22,7150.58,20087.19,0.72,0
24,2020-03-20,키이스트,54780,7564,1280.1,22.43,6879.52,19173.98,0.73,0
25,2020-03-23,키이스트,54780,6813,1254.1,23.36,6860.67,18591.93,0.73,0
26,2020-03-24,키이스트,54780,7564,1274.6,24.01,7417.86,20704.91,0.72,0
27,2020-03-25,키이스트,54780,8466,1256.0,24.49,7384.29,21200.55,0.73,0
28,2020-03-26,키이스트,54780,8741,1230.7,22.6,7797.54,22552.17,0.73,0
29,2020-03-27,키이스트,54780,8867,1227.9,21.51,7502.38,21636.78,0.75,0
30,2020-03-30,키이스트,54780,9067,1212.4,20.09,7774.15,22327.48,0.76,0
31,2020-03-31,키이스트,54780,10319,1222.6,20.48,7700.1,21917.16,0.8,0
32,2020-04-01,키이스트,54780,10920,1220.0,20.31,7360.58,20943.51,0.76,1
33,2020-04-02,키이스트,54780,11121,1222.2,25.32,7487.31,21413.44,0.74,0
34,2020-04-03,키이스트,54780,10945,1237.6,28.34,7373.08,21052.53,0.73,0
35,2020-04-06,키이스트,54780,11346,1229.8,26.08,7913.24,22679.99,0.75,0
36,2020-04-07,키이스트,54780,11547,1233.4,23.63,7887.26,22653.86,0.74,0
37,2020-04-08,키이스트,54780,11522,1222.4,25.09,8090.9,23433.57,0.73,0
38,2020-04-09,키이스트,54780,11697,1219.7,22.76,8153.58,23719.37,0.73,0
39,2020-04-13,키이스트,54780,13976,1212.3,22.41,8192.42,23390.77,0.75,1
40,2020-04-14,키이스트,54780,14152,1218.7,20.11,8515.74,23949.76,0.74,0
41,2020-04-16,키이스트,54780,14652,1216.7,19.87,8532.36,23537.68,0.73,0
42,2020-04-17,키이스트,54780,14327,1227.5,18.27,8650.14,24242.49,0.74,0
43,2020-04-20,키이스트,54780,14101,1219.3,-37.63,8560.73,23650.44,0.75,0
44,2020-04-21,키이스트,54780,13425,1218.7,10.01,8263.23,23018.88,0.75,0
45,2020-04-22,키이스트,54780,13350,1231.3,13.78,8495.38,23475.82,0.74,0
46,2020-04-23,키이스트,54780,13350,1235.2,16.5,8494.75,23515.26,0.74,0
47,2020-04-24,키이스트,54780,13350,1232.0,16.94,8634.52,23775.27,0.74,0
48,2020-04-27,키이스트,54780,13350,1235.8,12.78,8730.16,24133.78,0.73,0
49,2020-04-28,키이스트,54780,13350,1230.3,12.34,8607.73,24101.55,0.73,0
50,2020-04-29,키이스트,54780,13350,1225.2,15.06,8914.71,24633.86,0.76,1
51,2020-05-04,키이스트,54780,13350,1218.5,20.39,8710.71,23749.76,0.71,0
52,2020-05-06,키이스트,54780,13350,1227.8,23.99,8854.39,23664.64,0.72,0
53,2020-05-07,키이스트,54780,13350,1223.3,23.99,8979.66,23875.89,0.71,0
54,2020-05-08,키이스트,54780,13350,1226.5,24.74,9121.32,24331.32,0.72,0
55,2020-05-11,키이스트,54780,13350,1217.7,24.14,9192.34,24221.99,0.73,0
56,2020-05-12,키이스트,54780,13350,1217.8,25.78,9002.55,23764.78,0.73,0
57,2020-05-13,키이스트,54780,14550,1226.7,25.29,8863.17,23247.97,0.72,4
58,2020-05-14,키이스트,54780,13900,1226.3,27.56,8943.72,23625.34,0.72,2
59,2020-05-15,키이스트,54780,13300,1227.9,29.43,9014.56,23685.42,0.71,0
60,2020-05-18,키이스트,54780,13600,1229.3,31.82,9234.83,24597.37,0.71,0
61,2020-05-19,키이스트,54780,14200,1231.6,32.5,9185.1,24206.86,0.73,0
62,2020-05-20,키이스트,54780,14350,1224.5,33.49,9375.78,24575.9,0.72,0
63,2020-05-21,키이스트,54780,14150,1227.8,33.92,9284.88,24474.12,0.73,0
64,2020-05-22,키이스트,54780,13900,1230.7,33.25,9324.59,24465.16,0.72,0
65,2020-05-26,키이스트,54780,14400,1242.0,34.35,9340.22,24995.11,0.72,0
66,2020-05-27,키이스트,54780,14850,1237.1,32.81,9412.36,25548.27,0.74,0
67,2020-05-28,키이스트,54780,14200,1233.7,33.71,9368.99,25400.64,0.49,0
68,2020-05-29,키이스트,54780,13900,1239.4,35.49,9489.87,25383.11,0.49,0
69,2020-06-01,키이스트,54780,14200,1237.6,35.44,9552.05,25475.02,0.49,3
70,2020-06-02,키이스트,54780,14400,1227.8,36.81,9608.38,25742.65,0.47,0
71,2020-06-03,키이스트,54780,14250,1224.1,37.29,9682.91,26269.89,0.47,0
72,2020-06-04,키이스트,54780,14200,1216.9,37.41,9615.81,26281.82,0.46,0
73,2020-06-05,키이스트,54780,14100,1217.4,39.55,9814.08,27110.98,0.47,0
74,2020-06-08,키이스트,54780,14300,1213.1,38.19,9924.75,27572.44,0.46,0
75,2020-06-09,키이스트,54780,14300,1204.2,38.94,9953.75,27272.3,0.5,0
76,2020-06-10,키이스트,54780,14150,1197.7,39.6,10020.35,26989.99,0.49,0
77,2020-06-11,키이스트,54780,13950,1194.4,36.34,9492.73,25128.17,0.49,0
78,2020-06-12,키이스트,54780,13350,1192.8,36.26,9588.81,25605.54,0.46,0
79,2020-06-15,키이스트,54780,11850,1206.6,37.12,9726.02,25763.16,0.46,0
80,2020-06-16,키이스트,54780,12450,1210.8,38.38,9895.87,26289.98,0.46,0
81,2020-06-17,키이스트,54780,12200,1206.6,37.96,9910.53,26119.61,0.47,0
82,2020-06-18,키이스트,54780,12300,1214.5,38.84,9943.05,26080.1,0.46,0
83,2020-06-19,키이스트,54780,12300,1213.0,39.75,9946.12,25871.46,0.46,0
84,2020-06-22,키이스트,54780,12350,1212.0,40.46,10056.47,26024.96,0.47,0
85,2020-06-23,키이스트,54780,12100,1213.2,40.37,10131.37,26156.1,0.47,0
86,2020-06-24,키이스트,54780,12200,1210.1,38.01,9909.17,25445.94,0.48,1
87,2020-06-25,키이스트,54780,11700,1202.9,38.72,10017.0,25745.6,0.47,0
88,2020-06-26,키이스트,54780,11750,1205.2,38.49,9757.22,25015.55,0.5,0
89,2020-06-29,키이스트,54780,11600,1198.6,39.7,9874.15,25595.8,0.49,0
90,2020-06-30,키이스트,54780,12300,1200.7,39.27,10058.76,25812.88,0.57,1
91,2020-07-01,키이스트,54780,12000,1198.5,39.82,10154.63,25734.97,0.48,0
92,2020-07-02,키이스트,54780,12800,1201.6,40.65,10207.63,25827.36,0.47,0
93,2020-07-06,키이스트,54780,14000,1200.4,40.63,10433.65,26287.03,0.49,0
94,2020-07-07,키이스트,54780,13600,1196.8,40.62,10343.89,25890.18,0.45,0
95,2020-07-08,키이스트,54780,13800,1192.9,40.9,10492.5,26067.28,0.48,0
96,2020-07-09,키이스트,54780,13950,1195.8,39.62,10547.75,25706.09,0.48,0
97,2020-07-10,키이스트,54780,14100,1194.5,39.62,10617.44,26075.3,0.49,0
98,2020-07-13,키이스트,54780,14350,1202.4,40.1,10390.84,26085.8,0.5,1
99,2020-07-14,키이스트,54780,15800,1200.3,40.29,10488.58,26642.59,0.48,1
100,2020-07-15,키이스트,54780,15950,1206.4,41.2,10550.49,26870.1,0.47,0
101,2020-07-16,키이스트,54780,15800,1200.7,40.75,10473.83,26734.71,0.49,0
102,2020-07-17,키이스트,54780,16900,1204.1,40.59,10503.19,26671.95,0.46,0
103,2020-07-20,키이스트,54780,16850,1205.7,40.81,10767.09,26680.87,0.44,0
104,2020-07-21,키이스트,54780,16000,1203.7,41.96,10680.36,26840.4,0.46,0
105,2020-07-22,키이스트,54780,15400,1198.1,41.9,10706.13,27005.84,0.45,0
106,2020-02-14,신일제약,12790,7460,1181.5,52.05,9731.18,29398.08,1.24,0
107,2020-02-18,신일제약,12790,7800,1182.2,52.05,9732.74,29232.19,1.23,0
108,2020-02-19,신일제약,12790,8140,1188.1,53.29,9817.18,29348.03,1.24,0
109,2020-02-20,신일제약,12790,7830,1190.8,53.78,9750.97,29219.98,1.23,0
110,2020-02-21,신일제약,12790,7870,1197.0,53.38,9576.59,28992.41,1.23,0
111,2020-02-24,신일제약,12790,7460,1205.6,51.43,9221.28,27960.8,1.24,0
112,2020-02-25,신일제약,12790,7620,1217.7,49.9,8965.61,27081.36,1.25,0
113,2020-02-26,신일제약,12790,7610,1212.7,48.73,8980.77,26957.59,1.25,0
114,2020-02-27,신일제약,12790,7630,1216.8,47.09,8566.48,25766.64,1.23,0
115,2020-02-28,신일제약,12790,7120,1215.9,44.76,8567.37,25409.36,1.26,0
116,2020-03-02,신일제약,12790,7220,1215.3,46.75,8952.17,26703.32,1.26,0
117,2020-03-03,신일제약,12790,7790,1200.3,47.18,8684.09,25917.41,1.26,3
118,2020-03-04,신일제약,12790,7760,1191.4,46.78,9018.09,27090.86,1.25,0
119,2020-03-05,신일제약,12790,7890,1186.4,45.9,8738.59,26121.28,1.25,0
120,2020-03-06,신일제약,12790,7900,1185.0,41.28,8575.62,25864.78,1.24,0
121,2020-03-09,신일제약,12790,7530,1191.4,31.13,7950.68,23851.02,1.26,0
122,2020-03-10,신일제약,12790,7430,1201.4,34.36,8344.25,25018.16,1.25,0
123,2020-03-11,신일제약,12790,7200,1196.7,32.98,7952.05,23553.22,1.24,0
124,2020-03-12,신일제약,12790,6630,1192.8,31.5,7201.8,21200.62,1.25,0
125,2020-03-13,신일제약,12790,6110,1202.0,31.73,7874.88,23185.62,1.25,0
126,2020-03-16,신일제약,12790,5890,1222.2,28.7,6904.59,20188.52,1.27,0
127,2020-03-17,신일제약,12790,5810,1219.6,26.95,7334.78,21237.38,0.76,0
128,2020-03-18,신일제약,12790,5620,1241.2,20.37,6989.84,19898.92,0.73,0
129,2020-03-19,신일제약,12790,4500,1237.8,25.22,7150.58,20087.19,0.72,0
130,2020-03-20,신일제약,12790,4995,1280.1,22.43,6879.52,19173.98,0.73,1
131,2020-03-23,신일제약,12790,4630,1254.1,23.36,6860.67,18591.93,0.73,0
132,2020-03-24,신일제약,12790,5600,1274.6,24.01,7417.86,20704.91,0.72,0
133,2020-03-25,신일제약,12790,5610,1256.0,24.49,7384.29,21200.55,0.73,0
134,2020-03-26,신일제약,12790,5680,1230.7,22.6,7797.54,22552.17,0.73,0
135,2020-03-27,신일제약,12790,5900,1227.9,21.51,7502.38,21636.78,0.75,1
136,2020-03-30,신일제약,12790,6310,1212.4,20.09,7774.15,22327.48,0.76,1
137,2020-03-31,신일제약,12790,6610,1222.6,20.48,7700.1,21917.16,0.8,0
138,2020-04-01,신일제약,12790,6700,1220.0,20.31,7360.58,20943.51,0.76,0
139,2020-04-02,신일제약,12790,6770,1222.2,25.32,7487.31,21413.44,0.74,0
140,2020-04-03,신일제약,12790,7390,1237.6,28.34,7373.08,21052.53,0.73,1
141,2020-04-06,신일제약,12790,9290,1229.8,26.08,7913.24,22679.99,0.75,1
142,2020-04-07,신일제약,12790,8100,1233.4,23.63,7887.26,22653.86,0.74,1
143,2020-04-08,신일제약,12790,7790,1222.4,25.09,8090.9,23433.57,0.73,0
144,2020-04-09,신일제약,12790,7930,1219.7,22.76,8153.58,23719.37,0.73,0
145,2020-04-13,신일제약,12790,7070,1212.3,22.41,8192.42,23390.77,0.75,0
146,2020-04-14,신일제약,12790,7280,1218.7,20.11,8515.74,23949.76,0.74,0
147,2020-04-16,신일제약,12790,7200,1216.7,19.87,8532.36,23537.68,0.73,0
148,2020-04-17,신일제약,12790,7250,1227.5,18.27,8650.14,24242.49,0.74,0
149,2020-04-20,신일제약,12790,7310,1219.3,-37.63,8560.73,23650.44,0.75,0
150,2020-04-21,신일제약,12790,7210,1218.7,10.01,8263.23,23018.88,0.75,0
151,2020-04-22,신일제약,12790,7490,1231.3,13.78,8495.38,23475.82,0.74,0
152,2020-04-23,신일제약,12790,7590,1235.2,16.5,8494.75,23515.26,0.74,0
153,2020-04-24,신일제약,12790,7330,1232.0,16.94,8634.52,23775.27,0.74,0
154,2020-04-27,신일제약,12790,7690,1235.8,12.78,8730.16,24133.78,0.73,0
155,2020-04-28,신일제약,12790,7600,1230.3,12.34,8607.73,24101.55,0.73,0
156,2020-04-29,신일제약,12790,7470,1225.2,15.06,8914.71,24633.86,0.76,0
157,2020-05-04,신일제약,12790,7400,1218.5,20.39,8710.71,23749.76,0.71,0
158,2020-05-06,신일제약,12790,7450,1227.8,23.99,8854.39,23664.64,0.72,0
159,2020-05-07,신일제약,12790,7480,1223.3,23.99,8979.66,23875.89,0.71,0
160,2020-05-08,신일제약,12790,7580,1226.5,24.74,9121.32,24331.32,0.72,0
161,2020-05-11,신일제약,12790,7560,1217.7,24.14,9192.34,24221.99,0.73,0
162,2020-05-12,신일제약,12790,7650,1217.8,25.78,9002.55,23764.78,0.73,0
163,2020-05-13,신일제약,12790,7850,1226.7,25.29,8863.17,23247.97,0.72,0
164,2020-05-14,신일제약,12790,8200,1226.3,27.56,8943.72,23625.34,0.72,1
165,2020-05-15,신일제약,12790,8190,1227.9,29.43,9014.56,23685.42,0.71,0
166,2020-05-18,신일제약,12790,8160,1229.3,31.82,9234.83,24597.37,0.71,0
167,2020-05-19,신일제약,12790,7800,1231.6,32.5,9185.1,24206.86,0.73,0
168,2020-05-20,신일제약,12790,7860,1224.5,33.49,9375.78,24575.9,0.72,0
169,2020-05-21,신일제약,12790,7940,1227.8,33.92,9284.88,24474.12,0.73,0
170,2020-05-22,신일제약,12790,8200,1230.7,33.25,9324.59,24465.16,0.72,0
171,2020-05-26,신일제약,12790,8350,1242.0,34.35,9340.22,24995.11,0.72,0
172,2020-05-27,신일제약,12790,8050,1237.1,32.81,9412.36,25548.27,0.74,0
173,2020-05-28,신일제약,12790,7800,1233.7,33.71,9368.99,25400.64,0.49,0
174,2020-05-29,신일제약,12790,8150,1239.4,35.49,9489.87,25383.11,0.49,0
175,2020-06-01,신일제약,12790,8150,1237.6,35.44,9552.05,25475.02,0.49,0
176,2020-06-02,신일제약,12790,8210,1227.8,36.81,9608.38,25742.65,0.47,0
177,2020-06-03,신일제약,12790,8100,1224.1,37.29,9682.91,26269.89,0.47,0
178,2020-06-04,신일제약,12790,7980,1216.9,37.41,9615.81,26281.82,0.46,0
179,2020-06-05,신일제약,12790,8020,1217.4,39.55,9814.08,27110.98,0.47,0
180,2020-06-08,신일제약,12790,8650,1213.1,38.19,9924.75,27572.44,0.46,1
181,2020-06-09,신일제약,12790,8660,1204.2,38.94,9953.75,27272.3,0.5,0
182,2020-06-10,신일제약,12790,8790,1197.7,39.6,10020.35,26989.99,0.49,0
183,2020-06-11,신일제약,12790,8680,1194.4,36.34,9492.73,25128.17,0.49,0
184,2020-06-12,신일제약,12790,8430,1192.8,36.26,9588.81,25605.54,0.46,0
185,2020-06-15,신일제약,12790,7780,1206.6,37.12,9726.02,25763.16,0.46,0
186,2020-06-16,신일제약,12790,8130,1210.8,38.38,9895.87,26289.98,0.46,0
187,2020-06-17,신일제약,12790,10550,1206.6,37.96,9910.53,26119.61,0.47,6
188,2020-06-18,신일제약,12790,13700,1214.5,38.84,9943.05,26080.1,0.46,3
189,2020-06-19,신일제약,12790,13700,1213.0,39.75,9946.12,25871.46,0.46,3
190,2020-06-22,신일제약,12790,13150,1212.0,40.46,10056.47,26024.96,0.47,1
191,2020-06-23,신일제약,12790,11950,1213.2,40.37,10131.37,26156.1,0.47,0
192,2020-06-24,신일제약,12790,15500,1210.1,38.01,9909.17,25445.94,0.48,3
193,2020-06-25,신일제약,12790,13000,1202.9,38.72,10017.0,25745.6,0.47,1
194,2020-06-26,신일제약,12790,13350,1205.2,38.49,9757.22,25015.55,0.5,4
195,2020-06-29,신일제약,12790,15100,1198.6,39.7,9874.15,25595.8,0.49,4
196,2020-06-30,신일제약,12790,13900,1200.7,39.27,10058.76,25812.88,0.57,1
197,2020-07-01,신일제약,12790,12500,1198.5,39.82,10154.63,25734.97,0.48,0
198,2020-07-02,신일제약,12790,13000,1201.6,40.65,10207.63,25827.36,0.47,1
199,2020-07-06,신일제약,12790,12800,1200.4,40.63,10433.65,26287.03,0.49,0
200,2020-07-07,신일제약,12790,12500,1196.8,40.62,10343.89,25890.18,0.45,0
201,2020-07-08,신일제약,12790,13350,1192.9,40.9,10492.5,26067.28,0.48,1
202,2020-07-09,신일제약,12790,13350,1195.8,39.62,10547.75,25706.09,0.48,0
203,2020-07-10,신일제약,12790,13350,1194.5,39.62,10617.44,26075.3,0.49,0
204,2020-07-13,신일제약,12790,14200,1202.4,40.1,10390.84,26085.8,0.5,0
205,2020-07-14,신일제약,12790,17800,1200.3,40.29,10488.58,26642.59,0.48,5
206,2020-07-15,신일제약,12790,16600,1206.4,41.2,10550.49,26870.1,0.47,3
207,2020-07-16,신일제약,12790,18250,1200.7,40.75,10473.83,26734.71,0.49,1
208,2020-07-17,신일제약,12790,20400,1204.1,40.59,10503.19,26671.95,0.46,0
209,2020-07-20,신일제약,12790,26500,1205.7,40.81,10767.09,26680.87,0.44,1
210,2020-07-21,신일제약,12790,34450,1203.7,41.96,10680.36,26840.4,0.46,1
211,2020-07-22,신일제약,12790,44750,1198.1,41.9,10706.13,27005.84,0.45,0
212,2020-02-14,씨에스베어링,297090,7720,1181.5,52.05,9731.18,29398.08,1.24,0
213,2020-02-18,씨에스베어링,297090,7380,1182.2,52.05,9732.74,29232.19,1.23,0
214,2020-02-19,씨에스베어링,297090,7600,1188.1,53.29,9817.18,29348.03,1.24,0
215,2020-02-20,씨에스베어링,297090,8180,1190.8,53.78,9750.97,29219.98,1.23,0
216,2020-02-21,씨에스베어링,297090,7940,1197.0,53.38,9576.59,28992.41,1.23,0
217,2020-02-24,씨에스베어링,297090,8270,1205.6,51.43,9221.28,27960.8,1.24,0
218,2020-02-25,씨에스베어링,297090,8300,1217.7,49.9,8965.61,27081.36,1.25,0
219,2020-02-26,씨에스베어링,297090,8150,1212.7,48.73,8980.77,26957.59,1.25,0
220,2020-02-27,씨에스베어링,297090,7850,1216.8,47.09,8566.48,25766.64,1.23,0
221,2020-02-28,씨에스베어링,297090,7190,1215.9,44.76,8567.37,25409.36,1.26,3
222,2020-03-02,씨에스베어링,297090,7990,1215.3,46.75,8952.17,26703.32,1.26,1
223,2020-03-03,씨에스베어링,297090,7970,1200.3,47.18,8684.09,25917.41,1.26,0
224,2020-03-04,씨에스베어링,297090,8050,1191.4,46.78,9018.09,27090.86,1.25,0
225,2020-03-05,씨에스베어링,297090,8540,1186.4,45.9,8738.59,26121.28,1.25,0
226,2020-03-06,씨에스베어링,297090,8260,1185.0,41.28,8575.62,25864.78,1.24,0
227,2020-03-09,씨에스베어링,297090,7700,1191.4,31.13,7950.68,23851.02,1.26,0
228,2020-03-10,씨에스베어링,297090,7710,1201.4,34.36,8344.25,25018.16,1.25,0
229,2020-03-11,씨에스베어링,297090,7200,1196.7,32.98,7952.05,23553.22,1.24,0
230,2020-03-12,씨에스베어링,297090,6260,1192.8,31.5,7201.8,21200.62,1.25,0
231,2020-03-13,씨에스베어링,297090,5950,1202.0,31.73,7874.88,23185.62,1.25,0
232,2020-03-16,씨에스베어링,297090,5300,1222.2,28.7,6904.59,20188.52,1.27,0
233,2020-03-17,씨에스베어링,297090,5040,1219.6,26.95,7334.78,21237.38,0.76,0
234,2020-03-18,씨에스베어링,297090,4460,1241.2,20.37,6989.84,19898.92,0.73,0
235,2020-03-19,씨에스베어링,297090,3345,1237.8,25.22,7150.58,20087.19,0.72,0
236,2020-03-20,씨에스베어링,297090,3980,1280.1,22.43,6879.52,19173.98,0.73,0
237,2020-03-23,씨에스베어링,297090,4085,1254.1,23.36,6860.67,18591.93,0.73,1
238,2020-03-24,씨에스베어링,297090,4475,1274.6,24.01,7417.86,20704.91,0.72,1
239,2020-03-25,씨에스베어링,297090,5010,1256.0,24.49,7384.29,21200.55,0.73,1
240,2020-03-26,씨에스베어링,297090,5120,1230.7,22.6,7797.54,22552.17,0.73,0
241,2020-03-27,씨에스베어링,297090,5120,1227.9,21.51,7502.38,21636.78,0.75,0
242,2020-03-30,씨에스베어링,297090,5520,1212.4,20.09,7774.15,22327.48,0.76,0
243,2020-03-31,씨에스베어링,297090,5580,1222.6,20.48,7700.1,21917.16,0.8,0
244,2020-04-01,씨에스베어링,297090,5680,1220.0,20.31,7360.58,20943.51,0.76,0
245,2020-04-02,씨에스베어링,297090,5850,1222.2,25.32,7487.31,21413.44,0.74,0
246,2020-04-03,씨에스베어링,297090,6240,1237.6,28.34,7373.08,21052.53,0.73,0
247,2020-04-06,씨에스베어링,297090,6310,1229.8,26.08,7913.24,22679.99,0.75,0
248,2020-04-07,씨에스베어링,297090,6290,1233.4,23.63,7887.26,22653.86,0.74,0
249,2020-04-08,씨에스베어링,297090,6300,1222.4,25.09,8090.9,23433.57,0.73,0
250,2020-04-09,씨에스베어링,297090,6240,1219.7,22.76,8153.58,23719.37,0.73,0
251,2020-04-13,씨에스베어링,297090,5550,1212.3,22.41,8192.42,23390.77,0.75,0
252,2020-04-14,씨에스베어링,297090,5800,1218.7,20.11,8515.74,23949.76,0.74,0
253,2020-04-16,씨에스베어링,297090,5860,1216.7,19.87,8532.36,23537.68,0.73,0
254,2020-04-17,씨에스베어링,297090,6190,1227.5,18.27,8650.14,24242.49,0.74,0
255,2020-04-20,씨에스베어링,297090,6210,1219.3,-37.63,8560.73,23650.44,0.75,0
256,2020-04-21,씨에스베어링,297090,6100,1218.7,10.01,8263.23,23018.88,0.75,0
257,2020-04-22,씨에스베어링,297090,6000,1231.3,13.78,8495.38,23475.82,0.74,0
258,2020-04-23,씨에스베어링,297090,6160,1235.2,16.5,8494.75,23515.26,0.74,0
259,2020-04-24,씨에스베어링,297090,6140,1232.0,16.94,8634.52,23775.27,0.74,0
260,2020-04-27,씨에스베어링,297090,6310,1235.8,12.78,8730.16,24133.78,0.73,0
261,2020-04-28,씨에스베어링,297090,6580,1230.3,12.34,8607.73,24101.55,0.73,0
262,2020-04-29,씨에스베어링,297090,7240,1225.2,15.06,8914.71,24633.86,0.76,1
263,2020-05-04,씨에스베어링,297090,7030,1218.5,20.39,8710.71,23749.76,0.71,0
264,2020-05-06,씨에스베어링,297090,7200,1227.8,23.99,8854.39,23664.64,0.72,0
265,2020-05-07,씨에스베어링,297090,7610,1223.3,23.99,8979.66,23875.89,0.71,0
266,2020-05-08,씨에스베어링,297090,7660,1226.5,24.74,9121.32,24331.32,0.72,0
267,2020-05-11,씨에스베어링,297090,8010,1217.7,24.14,9192.34,24221.99,0.73,0
268,2020-05-12,씨에스베어링,297090,7950,1217.8,25.78,9002.55,23764.78,0.73,0
269,2020-05-13,씨에스베어링,297090,7800,1226.7,25.29,8863.17,23247.97,0.72,0
270,2020-05-14,씨에스베어링,297090,7810,1226.3,27.56,8943.72,23625.34,0.72,0
271,2020-05-15,씨에스베어링,297090,7900,1227.9,29.43,9014.56,23685.42,0.71,0
272,2020-05-18,씨에스베어링,297090,7960,1229.3,31.82,9234.83,24597.37,0.71,0
273,2020-05-19,씨에스베어링,297090,7920,1231.6,32.5,9185.1,24206.86,0.73,2
274,2020-05-20,씨에스베어링,297090,8070,1224.5,33.49,9375.78,24575.9,0.72,0
275,2020-05-21,씨에스베어링,297090,9250,1227.8,33.92,9284.88,24474.12,0.73,4
276,2020-05-22,씨에스베어링,297090,8940,1230.7,33.25,9324.59,24465.16,0.72,0
277,2020-05-26,씨에스베어링,297090,9300,1242.0,34.35,9340.22,24995.11,0.72,0
278,2020-05-27,씨에스베어링,297090,9610,1237.1,32.81,9412.36,25548.27,0.74,2
279,2020-05-28,씨에스베어링,297090,9330,1233.7,33.71,9368.99,25400.64,0.49,0
280,2020-05-29,씨에스베어링,297090,9130,1239.4,35.49,9489.87,25383.11,0.49,0
281,2020-06-01,씨에스베어링,297090,9440,1237.6,35.44,9552.05,25475.02,0.49,0
282,2020-06-02,씨에스베어링,297090,9910,1227.8,36.81,9608.38,25742.65,0.47,0
283,2020-06-03,씨에스베어링,297090,10100,1224.1,37.29,9682.91,26269.89,0.47,0
284,2020-06-04,씨에스베어링,297090,10200,1216.9,37.41,9615.81,26281.82,0.46,0
285,2020-06-05,씨에스베어링,297090,10200,1217.4,39.55,9814.08,27110.98,0.47,0
286,2020-06-08,씨에스베어링,297090,10000,1213.1,38.19,9924.75,27572.44,0.46,0
287,2020-06-09,씨에스베어링,297090,9890,1204.2,38.94,9953.75,27272.3,0.5,0
288,2020-06-10,씨에스베어링,297090,9650,1197.7,39.6,10020.35,26989.99,0.49,0
289,2020-06-11,씨에스베어링,297090,9580,1194.4,36.34,9492.73,25128.17,0.49,0
290,2020-06-12,씨에스베어링,297090,9250,1192.8,36.26,9588.81,25605.54,0.46,0
291,2020-06-15,씨에스베어링,297090,8490,1206.6,37.12,9726.02,25763.16,0.46,0
292,2020-06-16,씨에스베어링,297090,8810,1210.8,38.38,9895.87,26289.98,0.46,0
293,2020-06-17,씨에스베어링,297090,8780,1206.6,37.96,9910.53,26119.61,0.47,0
294,2020-06-18,씨에스베어링,297090,8600,1214.5,38.84,9943.05,26080.1,0.46,0
295,2020-06-19,씨에스베어링,297090,9080,1213.0,39.75,9946.12,25871.46,0.46,0
296,2020-06-22,씨에스베어링,297090,9020,1212.0,40.46,10056.47,26024.96,0.47,0
297,2020-06-23,씨에스베어링,297090,9920,1213.2,40.37,10131.37,26156.1,0.47,2
298,2020-06-24,씨에스베어링,297090,10100,1210.1,38.01,9909.17,25445.94,0.48,0
299,2020-06-25,씨에스베어링,297090,10050,1202.9,38.72,10017.0,25745.6,0.47,0
300,2020-06-26,씨에스베어링,297090,13050,1205.2,38.49,9757.22,25015.55,0.5,7
301,2020-06-29,씨에스베어링,297090,14300,1198.6,39.7,9874.15,25595.8,0.49,2
302,2020-06-30,씨에스베어링,297090,14300,1200.7,39.27,10058.76,25812.88,0.57,0
303,2020-07-01,씨에스베어링,297090,13550,1198.5,39.82,10154.63,25734.97,0.48,2
304,2020-07-02,씨에스베어링,297090,14450,1201.6,40.65,10207.63,25827.36,0.47,2
305,2020-07-06,씨에스베어링,297090,14700,1200.4,40.63,10433.65,26287.03,0.49,1
306,2020-07-07,씨에스베어링,297090,15600,1196.8,40.62,10343.89,25890.18,0.45,0
307,2020-07-08,씨에스베어링,297090,17050,1192.9,40.9,10492.5,26067.28,0.48,2
308,2020-07-09,씨에스베어링,297090,18850,1195.8,39.62,10547.75,25706.09,0.48,3
309,2020-07-10,씨에스베어링,297090,18900,1194.5,39.62,10617.44,26075.3,0.49,1
310,2020-07-13,씨에스베어링,297090,18650,1202.4,40.1,10390.84,26085.8,0.5,0
311,2020-07-14,씨에스베어링,297090,17300,1200.3,40.29,10488.58,26642.59,0.48,0
312,2020-07-15,씨에스베어링,297090,18050,1206.4,41.2,10550.49,26870.1,0.47,0
313,2020-07-16,씨에스베어링,297090,18350,1200.7,40.75,10473.83,26734.71,0.49,1
314,2020-07-17,씨에스베어링,297090,18700,1204.1,40.59,10503.19,26671.95,0.46,0
315,2020-07-20,씨에스베어링,297090,21250,1205.7,40.81,10767.09,26680.87,0.44,0
316,2020-07-21,씨에스베어링,297090,23600,1203.7,41.96,10680.36,26840.4,0.46,0
317,2020-07-22,씨에스베어링,297090,23700,1198.1,41.9,10706.13,27005.84,0.45,0
318,2020-02-14,휴마시스,205470,1345,1181.5,52.05,9731.18,29398.08,1.24,1
319,2020-02-18,휴마시스,205470,1335,1182.2,52.05,9732.74,29232.19,1.23,0
320,2020-02-19,휴마시스,205470,1370,1188.1,53.29,9817.18,29348.03,1.24,0
321,2020-02-20,휴마시스,205470,1355,1190.8,53.78,9750.97,29219.98,1.23,0
322,2020-02-21,휴마시스,205470,1350,1197.0,53.38,9576.59,28992.41,1.23,0
323,2020-02-24,휴마시스,205470,1300,1205.6,51.43,9221.28,27960.8,1.24,0
324,2020-02-25,휴마시스,205470,1290,1217.7,49.9,8965.61,27081.36,1.25,0
325,2020-02-26,휴마시스,205470,1285,1212.7,48.73,8980.77,26957.59,1.25,0
326,2020-02-27,휴마시스,205470,1275,1216.8,47.09,8566.48,25766.64,1.23,0
327,2020-02-28,휴마시스,205470,1225,1215.9,44.76,8567.37,25409.36,1.26,0
328,2020-03-02,휴마시스,205470,1230,1215.3,46.75,8952.17,26703.32,1.26,0
329,2020-03-03,휴마시스,205470,1255,1200.3,47.18,8684.09,25917.41,1.26,0
330,2020-03-04,휴마시스,205470,1295,1191.4,46.78,9018.09,27090.86,1.25,0
331,2020-03-05,휴마시스,205470,1315,1186.4,45.9,8738.59,26121.28,1.25,0
332,2020-03-06,휴마시스,205470,1305,1185.0,41.28,8575.62,25864.78,1.24,1
333,2020-03-09,휴마시스,205470,1280,1191.4,31.13,7950.68,23851.02,1.26,0
334,2020-03-10,휴마시스,205470,1260,1201.4,34.36,8344.25,25018.16,1.25,0
335,2020-03-11,휴마시스,205470,1635,1196.7,32.98,7952.05,23553.22,1.24,2
336,2020-03-12,휴마시스,205470,2125,1192.8,31.5,7201.8,21200.62,1.25,4
337,2020-03-13,휴마시스,205470,1605,1202.0,31.73,7874.88,23185.62,1.25,0
338,2020-03-16,휴마시스,205470,1700,1222.2,28.7,6904.59,20188.52,1.27,1
339,2020-03-17,휴마시스,205470,1850,1219.6,26.95,7334.78,21237.38,0.76,2
340,2020-03-18,휴마시스,205470,1665,1241.2,20.37,6989.84,19898.92,0.73,2
341,2020-03-19,휴마시스,205470,1745,1237.8,25.22,7150.58,20087.19,0.72,0
342,2020-03-20,휴마시스,205470,1865,1280.1,22.43,6879.52,19173.98,0.73,0
343,2020-03-23,휴마시스,205470,1990,1254.1,23.36,6860.67,18591.93,0.73,0
344,2020-03-24,휴마시스,205470,1960,1274.6,24.01,7417.86,20704.91,0.72,0
345,2020-03-25,휴마시스,205470,2100,1256.0,24.49,7384.29,21200.55,0.73,0
346,2020-03-26,휴마시스,205470,2730,1230.7,22.6,7797.54,22552.17,0.73,8
347,2020-03-27,휴마시스,205470,3540,1227.9,21.51,7502.38,21636.78,0.75,4
348,2020-03-30,휴마시스,205470,3825,1212.4,20.09,7774.15,22327.48,0.76,2
349,2020-03-31,휴마시스,205470,3825,1222.6,20.48,7700.1,21917.16,0.8,0
350,2020-04-01,휴마시스,205470,2860,1220.0,20.31,7360.58,20943.51,0.76,2
351,2020-04-02,휴마시스,205470,2505,1222.2,25.32,7487.31,21413.44,0.74,0
352,2020-04-03,휴마시스,205470,2540,1237.6,28.34,7373.08,21052.53,0.73,0
353,2020-04-06,휴마시스,205470,3300,1229.8,26.08,7913.24,22679.99,0.75,9
354,2020-04-07,휴마시스,205470,2955,1233.4,23.63,7887.26,22653.86,0.74,0
355,2020-04-08,휴마시스,205470,2825,1222.4,25.09,8090.9,23433.57,0.73,0
356,2020-04-09,휴마시스,205470,2760,1219.7,22.76,8153.58,23719.37,0.73,1
357,2020-04-13,휴마시스,205470,2345,1212.3,22.41,8192.42,23390.77,0.75,0
358,2020-04-14,휴마시스,205470,2300,1218.7,20.11,8515.74,23949.76,0.74,0
359,2020-04-16,휴마시스,205470,2470,1216.7,19.87,8532.36,23537.68,0.73,0
360,2020-04-17,휴마시스,205470,2285,1227.5,18.27,8650.14,24242.49,0.74,0
361,2020-04-20,휴마시스,205470,2480,1219.3,-37.63,8560.73,23650.44,0.75,0
362,2020-04-21,휴마시스,205470,2700,1218.7,10.01,8263.23,23018.88,0.75,6
363,2020-04-22,휴마시스,205470,2560,1231.3,13.78,8495.38,23475.82,0.74,0
364,2020-04-23,휴마시스,205470,2760,1235.2,16.5,8494.75,23515.26,0.74,3
365,2020-04-24,휴마시스,205470,2860,1232.0,16.94,8634.52,23775.27,0.74,0
366,2020-04-27,휴마시스,205470,2970,1235.8,12.78,8730.16,24133.78,0.73,0
367,2020-04-28,휴마시스,205470,3150,1230.3,12.34,8607.73,24101.55,0.73,1
368,2020-04-29,휴마시스,205470,3495,1225.2,15.06,8914.71,24633.86,0.76,1
369,2020-05-04,휴마시스,205470,3245,1218.5,20.39,8710.71,23749.76,0.71,0
370,2020-05-06,휴마시스,205470,2960,1227.8,23.99,8854.39,23664.64,0.72,0
371,2020-05-07,휴마시스,205470,3000,1223.3,23.99,8979.66,23875.89,0.71,0
372,2020-05-08,휴마시스,205470,3145,1226.5,24.74,9121.32,24331.32,0.72,0
373,2020-05-11,휴마시스,205470,3220,1217.7,24.14,9192.34,24221.99,0.73,0
374,2020-05-12,휴마시스,205470,3430,1217.8,25.78,9002.55,23764.78,0.73,0
375,2020-05-13,휴마시스,205470,3665,1226.7,25.29,8863.17,23247.97,0.72,2
376,2020-05-14,휴마시스,205470,4085,1226.3,27.56,8943.72,23625.34,0.72,4
377,2020-05-15,휴마시스,205470,3800,1227.9,29.43,9014.56,23685.42,0.71,1
378,2020-05-18,휴마시스,205470,3800,1229.3,31.82,9234.83,24597.37,0.71,0
379,2020-05-19,휴마시스,205470,3340,1231.6,32.5,9185.1,24206.86,0.73,0
380,2020-05-20,휴마시스,205470,3690,1224.5,33.49,9375.78,24575.9,0.72,4
381,2020-05-21,휴마시스,205470,3625,1227.8,33.92,9284.88,24474.12,0.73,0
382,2020-05-22,휴마시스,205470,3630,1230.7,33.25,9324.59,24465.16,0.72,0
383,2020-05-26,휴마시스,205470,3730,1242.0,34.35,9340.22,24995.11,0.72,0
384,2020-05-27,휴마시스,205470,3610,1237.1,32.81,9412.36,25548.27,0.74,0
385,2020-05-28,휴마시스,205470,3540,1233.7,33.71,9368.99,25400.64,0.49,0
386,2020-05-29,휴마시스,205470,3505,1239.4,35.49,9489.87,25383.11,0.49,0
387,2020-06-01,휴마시스,205470,3450,1237.6,35.44,9552.05,25475.02,0.49,0
388,2020-06-02,휴마시스,205470,3440,1227.8,36.81,9608.38,25742.65,0.47,0
389,2020-06-03,휴마시스,205470,3300,1224.1,37.29,9682.91,26269.89,0.47,0
390,2020-06-04,휴마시스,205470,3240,1216.9,37.41,9615.81,26281.82,0.46,0
391,2020-06-05,휴마시스,205470,3305,1217.4,39.55,9814.08,27110.98,0.47,0
392,2020-06-08,휴마시스,205470,3280,1213.1,38.19,9924.75,27572.44,0.46,0
393,2020-06-09,휴마시스,205470,3185,1204.2,38.94,9953.75,27272.3,0.5,0
394,2020-06-10,휴마시스,205470,3235,1197.7,39.6,10020.35,26989.99,0.49,0
395,2020-06-11,휴마시스,205470,3385,1194.4,36.34,9492.73,25128.17,0.49,2
396,2020-06-12,휴마시스,205470,3430,1192.8,36.26,9588.81,25605.54,0.46,1
397,2020-06-15,휴마시스,205470,3200,1206.6,37.12,9726.02,25763.16,0.46,1
398,2020-06-16,휴마시스,205470,4160,1210.8,38.38,9895.87,26289.98,0.46,6
399,2020-06-17,휴마시스,205470,5400,1206.6,37.96,9910.53,26119.61,0.47,4
400,2020-06-18,휴마시스,205470,7020,1214.5,38.84,9943.05,26080.1,0.46,8
401,2020-06-19,휴마시스,205470,9120,1213.0,39.75,9946.12,25871.46,0.46,5
402,2020-06-22,휴마시스,205470,11850,1212.0,40.46,10056.47,26024.96,0.47,6
403,2020-06-23,휴마시스,205470,11850,1213.2,40.37,10131.37,26156.1,0.47,0
404,2020-06-24,휴마시스,205470,15400,1210.1,38.01,9909.17,25445.94,0.48,3
405,2020-06-25,휴마시스,205470,10800,1202.9,38.72,10017.0,25745.6,0.47,4
406,2020-06-26,휴마시스,205470,10400,1205.2,38.49,9757.22,25015.55,0.5,4
407,2020-06-29,휴마시스,205470,10800,1198.6,39.7,9874.15,25595.8,0.49,2
408,2020-06-30,휴마시스,205470,9470,1200.7,39.27,10058.76,25812.88,0.57,1
409,2020-07-01,휴마시스,205470,8330,1198.5,39.82,10154.63,25734.97,0.48,1
410,2020-07-02,휴마시스,205470,8520,1201.6,40.65,10207.63,25827.36,0.47,1
411,2020-07-06,휴마시스,205470,9810,1200.4,40.63,10433.65,26287.03,0.49,2
412,2020-07-07,휴마시스,205470,9700,1196.8,40.62,10343.89,25890.18,0.45,1
413,2020-07-08,휴마시스,205470,9880,1192.9,40.9,10492.5,26067.28,0.48,1
414,2020-07-09,휴마시스,205470,9760,1195.8,39.62,10547.75,25706.09,0.48,0
415,2020-07-10,휴마시스,205470,11850,1194.5,39.62,10617.44,26075.3,0.49,1
416,2020-07-13,휴마시스,205470,13850,1202.4,40.1,10390.84,26085.8,0.5,2
417,2020-07-14,휴마시스,205470,13150,1200.3,40.29,10488.58,26642.59,0.48,4
418,2020-07-15,휴마시스,205470,12150,1206.4,41.2,10550.49,26870.1,0.47,1
419,2020-07-16,휴마시스,205470,12100,1200.7,40.75,10473.83,26734.71,0.49,0
420,2020-07-17,휴마시스,205470,12550,1204.1,40.59,10503.19,26671.95,0.46,0
421,2020-07-20,휴마시스,205470,12250,1205.7,40.81,10767.09,26680.87,0.44,0
422,2020-07-21,휴마시스,205470,11950,1203.7,41.96,10680.36,26840.4,0.46,0
423,2020-07-22,휴마시스,205470,11600,1198.1,41.9,10706.13,27005.84,0.45,0
424,2020-02-14,대림제지,17650,7550,1181.5,52.05,9731.18,29398.08,1.24,0
425,2020-02-18,대림제지,17650,7700,1182.2,52.05,9732.74,29232.19,1.23,0
426,2020-02-19,대림제지,17650,8325,1188.1,53.29,9817.18,29348.03,1.24,2
427,2020-02-20,대림제지,17650,8600,1190.8,53.78,9750.97,29219.98,1.23,1
428,2020-02-21,대림제지,17650,10100,1197.0,53.38,9576.59,28992.41,1.23,2
429,2020-02-24,대림제지,17650,9900,1205.6,51.43,9221.28,27960.8,1.24,0
430,2020-02-25,대림제지,17650,9800,1217.7,49.9,8965.61,27081.36,1.25,1
431,2020-02-26,대림제지,17650,10000,1212.7,48.73,8980.77,26957.59,1.25,0
432,2020-02-27,대림제지,17650,9375,1216.8,47.09,8566.48,25766.64,1.23,0
433,2020-02-28,대림제지,17650,8225,1215.9,44.76,8567.37,25409.36,1.26,0
434,2020-03-02,대림제지,17650,8300,1215.3,46.75,8952.17,26703.32,1.26,0
435,2020-03-03,대림제지,17650,8750,1200.3,47.18,8684.09,25917.41,1.26,0
436,2020-03-04,대림제지,17650,8525,1191.4,46.78,9018.09,27090.86,1.25,0
437,2020-03-05,대림제지,17650,8150,1186.4,45.9,8738.59,26121.28,1.25,0
438,2020-03-06,대림제지,17650,8400,1185.0,41.28,8575.62,25864.78,1.24,0
439,2020-03-09,대림제지,17650,8700,1191.4,31.13,7950.68,23851.02,1.26,0
440,2020-03-10,대림제지,17650,8175,1201.4,34.36,8344.25,25018.16,1.25,0
441,2020-03-11,대림제지,17650,8025,1196.7,32.98,7952.05,23553.22,1.24,0
442,2020-03-12,대림제지,17650,7300,1192.8,31.5,7201.8,21200.62,1.25,0
443,2020-03-13,대림제지,17650,6150,1202.0,31.73,7874.88,23185.62,1.25,0
444,2020-03-16,대림제지,17650,5725,1222.2,28.7,6904.59,20188.52,1.27,0
445,2020-03-17,대림제지,17650,6050,1219.6,26.95,7334.78,21237.38,0.76,3
446,2020-03-18,대림제지,17650,5975,1241.2,20.37,6989.84,19898.92,0.73,0
447,2020-03-19,대림제지,17650,5200,1237.8,25.22,7150.58,20087.19,0.72,0
448,2020-03-20,대림제지,17650,5625,1280.1,22.43,6879.52,19173.98,0.73,1
449,2020-03-23,대림제지,17650,5225,1254.1,23.36,6860.67,18591.93,0.73,0
450,2020-03-24,대림제지,17650,5500,1274.6,24.01,7417.86,20704.91,0.72,0
451,2020-03-25,대림제지,17650,5700,1256.0,24.49,7384.29,21200.55,0.73,0
452,2020-03-26,대림제지,17650,5975,1230.7,22.6,7797.54,22552.17,0.73,0
453,2020-03-27,대림제지,17650,6000,1227.9,21.51,7502.38,21636.78,0.75,0
454,2020-03-30,대림제지,17650,7050,1212.4,20.09,7774.15,22327.48,0.76,0
455,2020-03-31,대림제지,17650,7150,1222.6,20.48,7700.1,21917.16,0.8,0
456,2020-04-01,대림제지,17650,7650,1220.0,20.31,7360.58,20943.51,0.76,0
457,2020-04-02,대림제지,17650,7575,1222.2,25.32,7487.31,21413.44,0.74,0
458,2020-04-03,대림제지,17650,7650,1237.6,28.34,7373.08,21052.53,0.73,0
459,2020-04-06,대림제지,17650,7775,1229.8,26.08,7913.24,22679.99,0.75,0
460,2020-04-07,대림제지,17650,7825,1233.4,23.63,7887.26,22653.86,0.74,0
461,2020-04-08,대림제지,17650,8950,1222.4,25.09,8090.9,23433.57,0.73,2
462,2020-04-09,대림제지,17650,8450,1219.7,22.76,8153.58,23719.37,0.73,0
463,2020-04-13,대림제지,17650,8350,1212.3,22.41,8192.42,23390.77,0.75,1
464,2020-04-14,대림제지,17650,8525,1218.7,20.11,8515.74,23949.76,0.74,3
465,2020-04-16,대림제지,17650,8275,1216.7,19.87,8532.36,23537.68,0.73,0
466,2020-04-17,대림제지,17650,8075,1227.5,18.27,8650.14,24242.49,0.74,0
467,2020-04-20,대림제지,17650,8250,1219.3,-37.63,8560.73,23650.44,0.75,0
468,2020-04-21,대림제지,17650,8025,1218.7,10.01,8263.23,23018.88,0.75,0
469,2020-04-22,대림제지,17650,8000,1231.3,13.78,8495.38,23475.82,0.74,0
470,2020-04-23,대림제지,17650,8625,1235.2,16.5,8494.75,23515.26,0.74,0
471,2020-04-24,대림제지,17650,8525,1232.0,16.94,8634.52,23775.27,0.74,0
472,2020-04-27,대림제지,17650,8575,1235.8,12.78,8730.16,24133.78,0.73,0
473,2020-04-28,대림제지,17650,8525,1230.3,12.34,8607.73,24101.55,0.73,0
474,2020-04-29,대림제지,17650,8450,1225.2,15.06,8914.71,24633.86,0.76,0
475,2020-05-04,대림제지,17650,8450,1218.5,20.39,8710.71,23749.76,0.71,0
476,2020-05-06,대림제지,17650,8475,1227.8,23.99,8854.39,23664.64,0.72,0
477,2020-05-07,대림제지,17650,8600,1223.3,23.99,8979.66,23875.89,0.71,0
478,2020-05-08,대림제지,17650,8750,1226.5,24.74,9121.32,24331.32,0.72,0
479,2020-05-11,대림제지,17650,9450,1217.7,24.14,9192.34,24221.99,0.73,1
480,2020-05-12,대림제지,17650,8900,1217.8,25.78,9002.55,23764.78,0.73,0
481,2020-05-13,대림제지,17650,8850,1226.7,25.29,8863.17,23247.97,0.72,0
482,2020-05-14,대림제지,17650,8775,1226.3,27.56,8943.72,23625.34,0.72,0
483,2020-05-15,대림제지,17650,8825,1227.9,29.43,9014.56,23685.42,0.71,0
484,2020-05-18,대림제지,17650,8525,1229.3,31.82,9234.83,24597.37,0.71,0
485,2020-05-19,대림제지,17650,8325,1231.6,32.5,9185.1,24206.86,0.73,0
486,2020-05-20,대림제지,17650,8450,1224.5,33.49,9375.78,24575.9,0.72,0
487,2020-05-21,대림제지,17650,8350,1227.8,33.92,9284.88,24474.12,0.73,0
488,2020-05-22,대림제지,17650,8075,1230.7,33.25,9324.59,24465.16,0.72,0
489,2020-05-26,대림제지,17650,8175,1242.0,34.35,9340.22,24995.11,0.72,0
490,2020-05-27,대림제지,17650,8125,1237.1,32.81,9412.36,25548.27,0.74,0
491,2020-05-28,대림제지,17650,8075,1233.7,33.71,9368.99,25400.64,0.49,0
492,2020-05-29,대림제지,17650,8100,1239.4,35.49,9489.87,25383.11,0.49,1
493,2020-06-01,대림제지,17650,8325,1237.6,35.44,9552.05,25475.02,0.49,0
494,2020-06-02,대림제지,17650,8325,1227.8,36.81,9608.38,25742.65,0.47,0
495,2020-06-03,대림제지,17650,8150,1224.1,37.29,9682.91,26269.89,0.47,0
496,2020-06-04,대림제지,17650,8175,1216.9,37.41,9615.81,26281.82,0.46,0
497,2020-06-05,대림제지,17650,8200,1217.4,39.55,9814.08,27110.98,0.47,0
498,2020-06-08,대림제지,17650,7900,1213.1,38.19,9924.75,27572.44,0.46,0
499,2020-06-09,대림제지,17650,7850,1204.2,38.94,9953.75,27272.3,0.5,0
500,2020-06-10,대림제지,17650,7775,1197.7,39.6,10020.35,26989.99,0.49,0
501,2020-06-11,대림제지,17650,7575,1194.4,36.34,9492.73,25128.17,0.49,0
502,2020-06-12,대림제지,17650,7175,1192.8,36.26,9588.81,25605.54,0.46,1
503,2020-06-15,대림제지,17650,7550,1206.6,37.12,9726.02,25763.16,0.46,1
504,2020-06-16,대림제지,17650,8000,1210.8,38.38,9895.87,26289.98,0.46,0
505,2020-06-17,대림제지,17650,8000,1206.6,37.96,9910.53,26119.61,0.47,0
506,2020-06-18,대림제지,17650,8000,1214.5,38.84,9943.05,26080.1,0.46,0
507,2020-06-19,대림제지,17650,8000,1213.0,39.75,9946.12,25871.46,0.46,0
508,2020-06-22,대림제지,17650,8000,1212.0,40.46,10056.47,26024.96,0.47,0
509,2020-06-23,대림제지,17650,8000,1213.2,40.37,10131.37,26156.1,0.47,0
510,2020-06-24,대림제지,17650,8000,1210.1,38.01,9909.17,25445.94,0.48,0
511,2020-06-25,대림제지,17650,8000,1202.9,38.72,10017.0,25745.6,0.47,0
512,2020-06-26,대림제지,17650,8000,1205.2,38.49,9757.22,25015.55,0.5,0
513,2020-06-29,대림제지,17650,8000,1198.6,39.7,9874.15,25595.8,0.49,0
514,2020-06-30,대림제지,17650,8000,1200.7,39.27,10058.76,25812.88,0.57,0
515,2020-07-01,대림제지,17650,8000,1198.5,39.82,10154.63,25734.97,0.48,0
516,2020-07-02,대림제지,17650,8000,1201.6,40.65,10207.63,25827.36,0.47,0
517,2020-07-06,대림제지,17650,8000,1200.4,40.63,10433.65,26287.03,0.49,0
518,2020-07-07,대림제지,17650,8000,1196.8,40.62,10343.89,25890.18,0.45,0
519,2020-07-08,대림제지,17650,7630,1192.9,40.9,10492.5,26067.28,0.48,0
520,2020-07-09,대림제지,17650,7400,1195.8,39.62,10547.75,25706.09,0.48,0
521,2020-07-10,대림제지,17650,7190,1194.5,39.62,10617.44,26075.3,0.49,0
522,2020-07-13,대림제지,17650,7510,1202.4,40.1,10390.84,26085.8,0.5,0
523,2020-07-14,대림제지,17650,7390,1200.3,40.29,10488.58,26642.59,0.48,0
524,2020-07-15,대림제지,17650,7260,1206.4,41.2,10550.49,26870.1,0.47,0
525,2020-07-16,대림제지,17650,7240,1200.7,40.75,10473.83,26734.71,0.49,0
526,2020-07-17,대림제지,17650,7270,1204.1,40.59,10503.19,26671.95,0.46,0
527,2020-07-20,대림제지,17650,7170,1205.7,40.81,10767.09,26680.87,0.44,0
528,2020-07-21,대림제지,17650,7200,1203.7,41.96,10680.36,26840.4,0.46,0
529,2020-07-22,대림제지,17650,7160,1198.1,41.9,10706.13,27005.84,0.45,0
530,2020-02-14,에프에스티,36810,9450,1181.5,52.05,9731.18,29398.08,1.24,0
531,2020-02-18,에프에스티,36810,9210,1182.2,52.05,9732.74,29232.19,1.23,0
532,2020-02-19,에프에스티,36810,9630,1188.1,53.29,9817.18,29348.03,1.24,4
533,2020-02-20,에프에스티,36810,9400,1190.8,53.78,9750.97,29219.98,1.23,0
534,2020-02-21,에프에스티,36810,9120,1197.0,53.38,9576.59,28992.41,1.23,0
535,2020-02-24,에프에스티,36810,8800,1205.6,51.43,9221.28,27960.8,1.24,0
536,2020-02-25,에프에스티,36810,8860,1217.7,49.9,8965.61,27081.36,1.25,0
537,2020-02-26,에프에스티,36810,8530,1212.7,48.73,8980.77,26957.59,1.25,0
538,2020-02-27,에프에스티,36810,8250,1216.8,47.09,8566.48,25766.64,1.23,0
539,2020-02-28,에프에스티,36810,7760,1215.9,44.76,8567.37,25409.36,1.26,0
540,2020-03-02,에프에스티,36810,8080,1215.3,46.75,8952.17,26703.32,1.26,0
541,2020-03-03,에프에스티,36810,8070,1200.3,47.18,8684.09,25917.41,1.26,0
542,2020-03-04,에프에스티,36810,8280,1191.4,46.78,9018.09,27090.86,1.25,0
543,2020-03-05,에프에스티,36810,8430,1186.4,45.9,8738.59,26121.28,1.25,0
544,2020-03-06,에프에스티,36810,8200,1185.0,41.28,8575.62,25864.78,1.24,0
545,2020-03-09,에프에스티,36810,7670,1191.4,31.13,7950.68,23851.02,1.26,0
546,2020-03-10,에프에스티,36810,7890,1201.4,34.36,8344.25,25018.16,1.25,0
547,2020-03-11,에프에스티,36810,7600,1196.7,32.98,7952.05,23553.22,1.24,0
548,2020-03-12,에프에스티,36810,7150,1192.8,31.5,7201.8,21200.62,1.25,0
549,2020-03-13,에프에스티,36810,6570,1202.0,31.73,7874.88,23185.62,1.25,0
550,2020-03-16,에프에스티,36810,5960,1222.2,28.7,6904.59,20188.52,1.27,0
551,2020-03-17,에프에스티,36810,5930,1219.6,26.95,7334.78,21237.38,0.76,0
552,2020-03-18,에프에스티,36810,5200,1241.2,20.37,6989.84,19898.92,0.73,0
553,2020-03-19,에프에스티,36810,4135,1237.8,25.22,7150.58,20087.19,0.72,0
554,2020-03-20,에프에스티,36810,4800,1280.1,22.43,6879.52,19173.98,0.73,2
555,2020-03-23,에프에스티,36810,4740,1254.1,23.36,6860.67,18591.93,0.73,0
556,2020-03-24,에프에스티,36810,5420,1274.6,24.01,7417.86,20704.91,0.72,2
557,2020-03-25,에프에스티,36810,5750,1256.0,24.49,7384.29,21200.55,0.73,0
558,2020-03-26,에프에스티,36810,5870,1230.7,22.6,7797.54,22552.17,0.73,0
559,2020-03-27,에프에스티,36810,6100,1227.9,21.51,7502.38,21636.78,0.75,0
560,2020-03-30,에프에스티,36810,6180,1212.4,20.09,7774.15,22327.48,0.76,0
561,2020-03-31,에프에스티,36810,6300,1222.6,20.48,7700.1,21917.16,0.8,0
562,2020-04-01,에프에스티,36810,6280,1220.0,20.31,7360.58,20943.51,0.76,0
563,2020-04-02,에프에스티,36810,6490,1222.2,25.32,7487.31,21413.44,0.74,0
564,2020-04-03,에프에스티,36810,6480,1237.6,28.34,7373.08,21052.53,0.73,0
565,2020-04-06,에프에스티,36810,6870,1229.8,26.08,7913.24,22679.99,0.75,0
566,2020-04-07,에프에스티,36810,7240,1233.4,23.63,7887.26,22653.86,0.74,0
567,2020-04-08,에프에스티,36810,7190,1222.4,25.09,8090.9,23433.57,0.73,0
568,2020-04-09,에프에스티,36810,7200,1219.7,22.76,8153.58,23719.37,0.73,0
569,2020-04-13,에프에스티,36810,6660,1212.3,22.41,8192.42,23390.77,0.75,0
570,2020-04-14,에프에스티,36810,7030,1218.7,20.11,8515.74,23949.76,0.74,0
571,2020-04-16,에프에스티,36810,7180,1216.7,19.87,8532.36,23537.68,0.73,0
572,2020-04-17,에프에스티,36810,7340,1227.5,18.27,8650.14,24242.49,0.74,0
573,2020-04-20,에프에스티,36810,7270,1219.3,-37.63,8560.73,23650.44,0.75,0
574,2020-04-21,에프에스티,36810,7220,1218.7,10.01,8263.23,23018.88,0.75,0
575,2020-04-22,에프에스티,36810,7180,1231.3,13.78,8495.38,23475.82,0.74,0
576,2020-04-23,에프에스티,36810,7770,1235.2,16.5,8494.75,23515.26,0.74,0
577,2020-04-24,에프에스티,36810,7880,1232.0,16.94,8634.52,23775.27,0.74,0
578,2020-04-27,에프에스티,36810,8000,1235.8,12.78,8730.16,24133.78,0.73,0
579,2020-04-28,에프에스티,36810,7870,1230.3,12.34,8607.73,24101.55,0.73,0
580,2020-04-29,에프에스티,36810,8010,1225.2,15.06,8914.71,24633.86,0.76,0
581,2020-05-04,에프에스티,36810,8050,1218.5,20.39,8710.71,23749.76,0.71,0
582,2020-05-06,에프에스티,36810,8230,1227.8,23.99,8854.39,23664.64,0.72,0
583,2020-05-07,에프에스티,36810,8430,1223.3,23.99,8979.66,23875.89,0.71,0
584,2020-05-08,에프에스티,36810,8440,1226.5,24.74,9121.32,24331.32,0.72,0
585,2020-05-11,에프에스티,36810,8260,1217.7,24.14,9192.34,24221.99,0.73,0
586,2020-05-12,에프에스티,36810,8280,1217.8,25.78,9002.55,23764.78,0.73,0
587,2020-05-13,에프에스티,36810,8220,1226.7,25.29,8863.17,23247.97,0.72,0
588,2020-05-14,에프에스티,36810,8270,1226.3,27.56,8943.72,23625.34,0.72,0
589,2020-05-15,에프에스티,36810,9010,1227.9,29.43,9014.56,23685.42,0.71,1
590,2020-05-18,에프에스티,36810,9330,1229.3,31.82,9234.83,24597.37,0.71,1
591,2020-05-19,에프에스티,36810,9320,1231.6,32.5,9185.1,24206.86,0.73,0
592,2020-05-20,에프에스티,36810,11500,1224.5,33.49,9375.78,24575.9,0.72,6
593,2020-05-21,에프에스티,36810,11700,1227.8,33.92,9284.88,24474.12,0.73,5
594,2020-05-22,에프에스티,36810,12850,1230.7,33.25,9324.59,24465.16,0.72,1
595,2020-05-26,에프에스티,36810,13900,1242.0,34.35,9340.22,24995.11,0.72,0
596,2020-05-27,에프에스티,36810,13350,1237.1,32.81,9412.36,25548.27,0.74,3
597,2020-05-28,에프에스티,36810,13400,1233.7,33.71,9368.99,25400.64,0.49,0
598,2020-05-29,에프에스티,36810,13000,1239.4,35.49,9489.87,25383.11,0.49,0
599,2020-06-01,에프에스티,36810,15600,1237.6,35.44,9552.05,25475.02,0.49,4
600,2020-06-02,에프에스티,36810,16000,1227.8,36.81,9608.38,25742.65,0.47,3
601,2020-06-03,에프에스티,36810,15600,1224.1,37.29,9682.91,26269.89,0.47,0
602,2020-06-04,에프에스티,36810,16350,1216.9,37.41,9615.81,26281.82,0.46,7
603,2020-06-05,에프에스티,36810,17450,1217.4,39.55,9814.08,27110.98,0.47,2
604,2020-06-08,에프에스티,36810,20400,1213.1,38.19,9924.75,27572.44,0.46,4
605,2020-06-09,에프에스티,36810,19300,1204.2,38.94,9953.75,27272.3,0.5,1
606,2020-06-10,에프에스티,36810,19300,1197.7,39.6,10020.35,26989.99,0.49,0
607,2020-06-11,에프에스티,36810,19350,1194.4,36.34,9492.73,25128.17,0.49,1
608,2020-06-12,에프에스티,36810,21000,1192.8,36.26,9588.81,25605.54,0.46,2
609,2020-06-15,에프에스티,36810,21000,1206.6,37.12,9726.02,25763.16,0.46,2
610,2020-06-16,에프에스티,36810,24050,1210.8,38.38,9895.87,26289.98,0.46,3
611,2020-06-17,에프에스티,36810,26350,1206.6,37.96,9910.53,26119.61,0.47,4
612,2020-06-18,에프에스티,36810,26600,1214.5,38.84,9943.05,26080.1,0.46,0
613,2020-06-19,에프에스티,36810,28150,1213.0,39.75,9946.12,25871.46,0.46,1
614,2020-06-22,에프에스티,36810,29600,1212.0,40.46,10056.47,26024.96,0.47,3
615,2020-06-23,에프에스티,36810,30200,1213.2,40.37,10131.37,26156.1,0.47,1
616,2020-06-24,에프에스티,36810,32700,1210.1,38.01,9909.17,25445.94,0.48,2
617,2020-06-25,에프에스티,36810,35900,1202.9,38.72,10017.0,25745.6,0.47,1
618,2020-06-26,에프에스티,36810,29000,1205.2,38.49,9757.22,25015.55,0.5,0
619,2020-06-29,에프에스티,36810,29100,1198.6,39.7,9874.15,25595.8,0.49,1
620,2020-06-30,에프에스티,36810,25000,1200.7,39.27,10058.76,25812.88,0.57,0
621,2020-07-01,에프에스티,36810,23350,1198.5,39.82,10154.63,25734.97,0.48,1
622,2020-07-02,에프에스티,36810,26000,1201.6,40.65,10207.63,25827.36,0.47,1
623,2020-07-06,에프에스티,36810,30050,1200.4,40.63,10433.65,26287.03,0.49,0
624,2020-07-07,에프에스티,36810,28800,1196.8,40.62,10343.89,25890.18,0.45,0
625,2020-07-08,에프에스티,36810,28950,1192.9,40.9,10492.5,26067.28,0.48,0
626,2020-07-09,에프에스티,36810,28550,1195.8,39.62,10547.75,25706.09,0.48,0
627,2020-07-10,에프에스티,36810,27850,1194.5,39.62,10617.44,26075.3,0.49,0
628,2020-07-13,에프에스티,36810,28300,1202.4,40.1,10390.84,26085.8,0.5,0
629,2020-07-14,에프에스티,36810,27300,1200.3,40.29,10488.58,26642.59,0.48,0
630,2020-07-15,에프에스티,36810,26450,1206.4,41.2,10550.49,26870.1,0.47,1
631,2020-07-16,에프에스티,36810,26000,1200.7,40.75,10473.83,26734.71,0.49,0
632,2020-07-17,에프에스티,36810,26300,1204.1,40.59,10503.19,26671.95,0.46,0
633,2020-07-20,에프에스티,36810,24500,1205.7,40.81,10767.09,26680.87,0.44,0
634,2020-07-21,에프에스티,36810,25800,1203.7,41.96,10680.36,26840.4,0.46,0
635,2020-07-22,에프에스티,36810,27550,1198.1,41.9,10706.13,27005.84,0.45,0
636,2020-02-14,동국S&C,100130,2665,1181.5,52.05,9731.18,29398.08,1.24,0
637,2020-02-18,동국S&C,100130,2795,1182.2,52.05,9732.74,29232.19,1.23,2
638,2020-02-19,동국S&C,100130,2785,1188.1,53.29,9817.18,29348.03,1.24,0
639,2020-02-20,동국S&C,100130,2835,1190.8,53.78,9750.97,29219.98,1.23,0
640,2020-02-21,동국S&C,100130,2725,1197.0,53.38,9576.59,28992.41,1.23,0
641,2020-02-24,동국S&C,100130,2575,1205.6,51.43,9221.28,27960.8,1.24,0
642,2020-02-25,동국S&C,100130,2695,1217.7,49.9,8965.61,27081.36,1.25,0
643,2020-02-26,동국S&C,100130,2785,1212.7,48.73,8980.77,26957.59,1.25,0
644,2020-02-27,동국S&C,100130,2685,1216.8,47.09,8566.48,25766.64,1.23,0
645,2020-02-28,동국S&C,100130,2535,1215.9,44.76,8567.37,25409.36,1.26,0
646,2020-03-02,동국S&C,100130,2560,1215.3,46.75,8952.17,26703.32,1.26,0
647,2020-03-03,동국S&C,100130,2555,1200.3,47.18,8684.09,25917.41,1.26,0
648,2020-03-04,동국S&C,100130,2500,1191.4,46.78,9018.09,27090.86,1.25,6
649,2020-03-05,동국S&C,100130,2600,1186.4,45.9,8738.59,26121.28,1.25,0
650,2020-03-06,동국S&C,100130,2505,1185.0,41.28,8575.62,25864.78,1.24,0
651,2020-03-09,동국S&C,100130,2295,1191.4,31.13,7950.68,23851.02,1.26,0
652,2020-03-10,동국S&C,100130,2275,1201.4,34.36,8344.25,25018.16,1.25,0
653,2020-03-11,동국S&C,100130,2125,1196.7,32.98,7952.05,23553.22,1.24,0
654,2020-03-12,동국S&C,100130,1935,1192.8,31.5,7201.8,21200.62,1.25,0
655,2020-03-13,동국S&C,100130,1775,1202.0,31.73,7874.88,23185.62,1.25,0
656,2020-03-16,동국S&C,100130,1675,1222.2,28.7,6904.59,20188.52,1.27,0
657,2020-03-17,동국S&C,100130,1670,1219.6,26.95,7334.78,21237.38,0.76,0
658,2020-03-18,동국S&C,100130,1575,1241.2,20.37,6989.84,19898.92,0.73,0
659,2020-03-19,동국S&C,100130,1330,1237.8,25.22,7150.58,20087.19,0.72,0
660,2020-03-20,동국S&C,100130,1365,1280.1,22.43,6879.52,19173.98,0.73,0
661,2020-03-23,동국S&C,100130,1195,1254.1,23.36,6860.67,18591.93,0.73,0
662,2020-03-24,동국S&C,100130,1325,1274.6,24.01,7417.86,20704.91,0.72,0
663,2020-03-25,동국S&C,100130,1485,1256.0,24.49,7384.29,21200.55,0.73,0
664,2020-03-26,동국S&C,100130,1490,1230.7,22.6,7797.54,22552.17,0.73,0
665,2020-03-27,동국S&C,100130,1500,1227.9,21.51,7502.38,21636.78,0.75,0
666,2020-03-30,동국S&C,100130,1580,1212.4,20.09,7774.15,22327.48,0.76,0
667,2020-03-31,동국S&C,100130,1700,1222.6,20.48,7700.1,21917.16,0.8,0
668,2020-04-01,동국S&C,100130,1695,1220.0,20.31,7360.58,20943.51,0.76,0
669,2020-04-02,동국S&C,100130,1780,1222.2,25.32,7487.31,21413.44,0.74,0
670,2020-04-03,동국S&C,100130,1815,1237.6,28.34,7373.08,21052.53,0.73,0
671,2020-04-06,동국S&C,100130,1900,1229.8,26.08,7913.24,22679.99,0.75,0
672,2020-04-07,동국S&C,100130,1915,1233.4,23.63,7887.26,22653.86,0.74,0
673,2020-04-08,동국S&C,100130,1920,1222.4,25.09,8090.9,23433.57,0.73,0
674,2020-04-09,동국S&C,100130,2045,1219.7,22.76,8153.58,23719.37,0.73,0
675,2020-04-13,동국S&C,100130,1980,1212.3,22.41,8192.42,23390.77,0.75,0
676,2020-04-14,동국S&C,100130,2030,1218.7,20.11,8515.74,23949.76,0.74,0
677,2020-04-16,동국S&C,100130,2120,1216.7,19.87,8532.36,23537.68,0.73,0
678,2020-04-17,동국S&C,100130,2220,1227.5,18.27,8650.14,24242.49,0.74,0
679,2020-04-20,동국S&C,100130,2230,1219.3,-37.63,8560.73,23650.44,0.75,0
680,2020-04-21,동국S&C,100130,2150,1218.7,10.01,8263.23,23018.88,0.75,0
681,2020-04-22,동국S&C,100130,2170,1231.3,13.78,8495.38,23475.82,0.74,0
682,2020-04-23,동국S&C,100130,2190,1235.2,16.5,8494.75,23515.26,0.74,0
683,2020-04-24,동국S&C,100130,2115,1232.0,16.94,8634.52,23775.27,0.74,0
684,2020-04-27,동국S&C,100130,2170,1235.8,12.78,8730.16,24133.78,0.73,0
685,2020-04-28,동국S&C,100130,2150,1230.3,12.34,8607.73,24101.55,0.73,0
686,2020-04-29,동국S&C,100130,2165,1225.2,15.06,8914.71,24633.86,0.76,0
687,2020-05-04,동국S&C,100130,2160,1218.5,20.39,8710.71,23749.76,0.71,0
688,2020-05-06,동국S&C,100130,2195,1227.8,23.99,8854.39,23664.64,0.72,0
689,2020-05-07,동국S&C,100130,2210,1223.3,23.99,8979.66,23875.89,0.71,0
690,2020-05-08,동국S&C,100130,2505,1226.5,24.74,9121.32,24331.32,0.72,3
691,2020-05-11,동국S&C,100130,2495,1217.7,24.14,9192.34,24221.99,0.73,0
692,2020-05-12,동국S&C,100130,2465,1217.8,25.78,9002.55,23764.78,0.73,0
693,2020-05-13,동국S&C,100130,2465,1226.7,25.29,8863.17,23247.97,0.72,0
694,2020-05-14,동국S&C,100130,2635,1226.3,27.56,8943.72,23625.34,0.72,1
695,2020-05-15,동국S&C,100130,2685,1227.9,29.43,9014.56,23685.42,0.71,0
696,2020-05-18,동국S&C,100130,2750,1229.3,31.82,9234.83,24597.37,0.71,0
697,2020-05-19,동국S&C,100130,2765,1231.6,32.5,9185.1,24206.86,0.73,0
698,2020-05-20,동국S&C,100130,2910,1224.5,33.49,9375.78,24575.9,0.72,0
699,2020-05-21,동국S&C,100130,3780,1227.8,33.92,9284.88,24474.12,0.73,10
700,2020-05-22,동국S&C,100130,3690,1230.7,33.25,9324.59,24465.16,0.72,2
701,2020-05-26,동국S&C,100130,3890,1242.0,34.35,9340.22,24995.11,0.72,0
702,2020-05-27,동국S&C,100130,4410,1237.1,32.81,9412.36,25548.27,0.74,6
703,2020-05-28,동국S&C,100130,4160,1233.7,33.71,9368.99,25400.64,0.49,1
704,2020-05-29,동국S&C,100130,4440,1239.4,35.49,9489.87,25383.11,0.49,0
705,2020-06-01,동국S&C,100130,4500,1237.6,35.44,9552.05,25475.02,0.49,1
706,2020-06-02,동국S&C,100130,4435,1227.8,36.81,9608.38,25742.65,0.47,0
707,2020-06-03,동국S&C,100130,4430,1224.1,37.29,9682.91,26269.89,0.47,1
708,2020-06-04,동국S&C,100130,4360,1216.9,37.41,9615.81,26281.82,0.46,0
709,2020-06-05,동국S&C,100130,4315,1217.4,39.55,9814.08,27110.98,0.47,0
710,2020-06-08,동국S&C,100130,4520,1213.1,38.19,9924.75,27572.44,0.46,0
711,2020-06-09,동국S&C,100130,4385,1204.2,38.94,9953.75,27272.3,0.5,0
712,2020-06-10,동국S&C,100130,4185,1197.7,39.6,10020.35,26989.99,0.49,0
713,2020-06-11,동국S&C,100130,4120,1194.4,36.34,9492.73,25128.17,0.49,0
714,2020-06-12,동국S&C,100130,4000,1192.8,36.26,9588.81,25605.54,0.46,0
715,2020-06-15,동국S&C,100130,3620,1206.6,37.12,9726.02,25763.16,0.46,0
716,2020-06-16,동국S&C,100130,3775,1210.8,38.38,9895.87,26289.98,0.46,0
717,2020-06-17,동국S&C,100130,3730,1206.6,37.96,9910.53,26119.61,0.47,0
718,2020-06-18,동국S&C,100130,3760,1214.5,38.84,9943.05,26080.1,0.46,0
719,2020-06-19,동국S&C,100130,3940,1213.0,39.75,9946.12,25871.46,0.46,0
720,2020-06-22,동국S&C,100130,4100,1212.0,40.46,10056.47,26024.96,0.47,0
721,2020-06-23,동국S&C,100130,4310,1213.2,40.37,10131.37,26156.1,0.47,0
722,2020-06-24,동국S&C,100130,4255,1210.1,38.01,9909.17,25445.94,0.48,0
723,2020-06-25,동국S&C,100130,4090,1202.9,38.72,10017.0,25745.6,0.47,0
724,2020-06-26,동국S&C,100130,5310,1205.2,38.49,9757.22,25015.55,0.5,5
725,2020-06-29,동국S&C,100130,5080,1198.6,39.7,9874.15,25595.8,0.49,1
726,2020-06-30,동국S&C,100130,5400,1200.7,39.27,10058.76,25812.88,0.57,0
727,2020-07-01,동국S&C,100130,5000,1198.5,39.82,10154.63,25734.97,0.48,0
728,2020-07-02,동국S&C,100130,5040,1201.6,40.65,10207.63,25827.36,0.47,0
729,2020-07-06,동국S&C,100130,5060,1200.4,40.63,10433.65,26287.03,0.49,0
730,2020-07-07,동국S&C,100130,5030,1196.8,40.62,10343.89,25890.18,0.45,0
731,2020-07-08,동국S&C,100130,5280,1192.9,40.9,10492.5,26067.28,0.48,0
732,2020-07-09,동국S&C,100130,6200,1195.8,39.62,10547.75,25706.09,0.48,5
733,2020-07-10,동국S&C,100130,6420,1194.5,39.62,10617.44,26075.3,0.49,1
734,2020-07-13,동국S&C,100130,6650,1202.4,40.1,10390.84,26085.8,0.5,5
735,2020-07-14,동국S&C,100130,5930,1200.3,40.29,10488.58,26642.59,0.48,1
736,2020-07-15,동국S&C,100130,5930,1206.4,41.2,10550.49,26870.1,0.47,1
737,2020-07-16,동국S&C,100130,6280,1200.7,40.75,10473.83,26734.71,0.49,2
738,2020-07-17,동국S&C,100130,6510,1204.1,40.59,10503.19,26671.95,0.46,1
739,2020-07-20,동국S&C,100130,6750,1205.7,40.81,10767.09,26680.87,0.44,0
740,2020-07-21,동국S&C,100130,7560,1203.7,41.96,10680.36,26840.4,0.46,0
741,2020-07-22,동국S&C,100130,7340,1198.1,41.9,10706.13,27005.84,0.45,0
742,2020-02-14,알테오젠,196170,49266,1181.5,52.05,9731.18,29398.08,1.24,0
743,2020-02-18,알테오젠,196170,48716,1182.2,52.05,9732.74,29232.19,1.23,0
744,2020-02-19,알테오젠,196170,49266,1188.1,53.29,9817.18,29348.03,1.24,0
745,2020-02-20,알테오젠,196170,51117,1190.8,53.78,9750.97,29219.98,1.23,0
746,2020-02-21,알테오젠,196170,49266,1197.0,53.38,9576.59,28992.41,1.23,0
747,2020-02-24,알테오젠,196170,46365,1205.6,51.43,9221.28,27960.8,1.24,0
748,2020-02-25,알테오젠,196170,50766,1217.7,49.9,8965.61,27081.36,1.25,0
749,2020-02-26,알테오젠,196170,48566,1212.7,48.73,8980.77,26957.59,1.25,0
750,2020-02-27,알테오젠,196170,46315,1216.8,47.09,8566.48,25766.64,1.23,0
751,2020-02-28,알테오젠,196170,43264,1215.9,44.76,8567.37,25409.36,1.26,0
752,2020-03-02,알테오젠,196170,44514,1215.3,46.75,8952.17,26703.32,1.26,0
753,2020-03-03,알테오젠,196170,44314,1200.3,47.18,8684.09,25917.41,1.26,0
754,2020-03-04,알테오젠,196170,47916,1191.4,46.78,9018.09,27090.86,1.25,0
755,2020-03-05,알테오젠,196170,48766,1186.4,45.9,8738.59,26121.28,1.25,0
756,2020-03-06,알테오젠,196170,46665,1185.0,41.28,8575.62,25864.78,1.24,0
757,2020-03-09,알테오젠,196170,44865,1191.4,31.13,7950.68,23851.02,1.26,0
758,2020-03-10,알테오젠,196170,45515,1201.4,34.36,8344.25,25018.16,1.25,0
759,2020-03-11,알테오젠,196170,41463,1196.7,32.98,7952.05,23553.22,1.24,0
760,2020-03-12,알테오젠,196170,39463,1192.8,31.5,7201.8,21200.62,1.25,0
761,2020-03-13,알테오젠,196170,34811,1202.0,31.73,7874.88,23185.62,1.25,0
762,2020-03-16,알테오젠,196170,33561,1222.2,28.7,6904.59,20188.52,1.27,0
763,2020-03-17,알테오젠,196170,36412,1219.6,26.95,7334.78,21237.38,0.76,0
764,2020-03-18,알테오젠,196170,33061,1241.2,20.37,6989.84,19898.92,0.73,0
765,2020-03-19,알테오젠,196170,29460,1237.8,25.22,7150.58,20087.19,0.72,0
766,2020-03-20,알테오젠,196170,31360,1280.1,22.43,6879.52,19173.98,0.73,0
767,2020-03-23,알테오젠,196170,30510,1254.1,23.36,6860.67,18591.93,0.73,0
768,2020-03-24,알테오젠,196170,36912,1274.6,24.01,7417.86,20704.91,0.72,0
769,2020-03-25,알테오젠,196170,37962,1256.0,24.49,7384.29,21200.55,0.73,0
770,2020-03-26,알테오젠,196170,36512,1230.7,22.6,7797.54,22552.17,0.73,0
771,2020-03-27,알테오젠,196170,36162,1227.9,21.51,7502.38,21636.78,0.75,0
772,2020-03-30,알테오젠,196170,38462,1212.4,20.09,7774.15,22327.48,0.76,0
773,2020-03-31,알테오젠,196170,41013,1222.6,20.48,7700.1,21917.16,0.8,0
774,2020-04-01,알테오젠,196170,38562,1220.0,20.31,7360.58,20943.51,0.76,0
775,2020-04-02,알테오젠,196170,39913,1222.2,25.32,7487.31,21413.44,0.74,0
776,2020-04-03,알테오젠,196170,40213,1237.6,28.34,7373.08,21052.53,0.73,0
777,2020-04-06,알테오젠,196170,41663,1229.8,26.08,7913.24,22679.99,0.75,0
778,2020-04-07,알테오젠,196170,45615,1233.4,23.63,7887.26,22653.86,0.74,0
779,2020-04-08,알테오젠,196170,45115,1222.4,25.09,8090.9,23433.57,0.73,0
780,2020-04-09,알테오젠,196170,45165,1219.7,22.76,8153.58,23719.37,0.73,0
781,2020-04-13,알테오젠,196170,42914,1212.3,22.41,8192.42,23390.77,0.75,0
782,2020-04-14,알테오젠,196170,44064,1218.7,20.11,8515.74,23949.76,0.74,0
783,2020-04-16,알테오젠,196170,46015,1216.7,19.87,8532.36,23537.68,0.73,0
784,2020-04-17,알테오젠,196170,46215,1227.5,18.27,8650.14,24242.49,0.74,0
785,2020-04-20,알테오젠,196170,45815,1219.3,-37.63,8560.73,23650.44,0.75,0
786,2020-04-21,알테오젠,196170,46815,1218.7,10.01,8263.23,23018.88,0.75,0
787,2020-04-22,알테오젠,196170,46565,1231.3,13.78,8495.38,23475.82,0.74,0
788,2020-04-23,알테오젠,196170,48966,1235.2,16.5,8494.75,23515.26,0.74,0
789,2020-04-24,알테오젠,196170,46915,1232.0,16.94,8634.52,23775.27,0.74,0
790,2020-04-27,알테오젠,196170,47315,1235.8,12.78,8730.16,24133.78,0.73,0
791,2020-04-28,알테오젠,196170,46265,1230.3,12.34,8607.73,24101.55,0.73,0
792,2020-04-29,알테오젠,196170,47115,1225.2,15.06,8914.71,24633.86,0.76,0
793,2020-05-04,알테오젠,196170,59519,1218.5,20.39,8710.71,23749.76,0.71,0
794,2020-05-06,알테오젠,196170,62620,1227.8,23.99,8854.39,23664.64,0.72,7
795,2020-05-07,알테오젠,196170,69022,1223.3,23.99,8979.66,23875.89,0.71,2
796,2020-05-08,알테오젠,196170,72523,1226.5,24.74,9121.32,24331.32,0.72,3
797,2020-05-11,알테오젠,196170,84227,1217.7,24.14,9192.34,24221.99,0.73,4
798,2020-05-12,알테오젠,196170,86378,1217.8,25.78,9002.55,23764.78,0.73,0
799,2020-05-13,알테오젠,196170,91180,1226.7,25.29,8863.17,23247.97,0.72,4
800,2020-05-14,알테오젠,196170,89979,1226.3,27.56,8943.72,23625.34,0.72,1
801,2020-05-15,알테오젠,196170,91230,1227.9,29.43,9014.56,23685.42,0.71,0
802,2020-05-18,알테오젠,196170,89029,1229.3,31.82,9234.83,24597.37,0.71,1
803,2020-05-19,알테오젠,196170,98782,1231.6,32.5,9185.1,24206.86,0.73,2
804,2020-05-20,알테오젠,196170,93280,1224.5,33.49,9375.78,24575.9,0.72,0
805,2020-05-21,알테오젠,196170,94581,1227.8,33.92,9284.88,24474.12,0.73,2
806,2020-05-22,알테오젠,196170,98532,1230.7,33.25,9324.59,24465.16,0.72,6
807,2020-05-26,알테오젠,196170,100733,1242.0,34.35,9340.22,24995.11,0.72,4
808,2020-05-27,알테오젠,196170,110186,1237.1,32.81,9412.36,25548.27,0.74,14
809,2020-05-28,알테오젠,196170,113437,1233.7,33.71,9368.99,25400.64,0.49,4
810,2020-05-29,알테오젠,196170,120889,1239.4,35.49,9489.87,25383.11,0.49,3
811,2020-06-01,알테오젠,196170,128342,1237.6,35.44,9552.05,25475.02,0.49,6
812,2020-06-02,알테오젠,196170,128792,1227.8,36.81,9608.38,25742.65,0.47,0
813,2020-06-03,알테오젠,196170,96981,1224.1,37.29,9682.91,26269.89,0.47,4
814,2020-06-04,알테오젠,196170,108685,1216.9,37.41,9615.81,26281.82,0.46,7
815,2020-06-05,알테오젠,196170,121889,1217.4,39.55,9814.08,27110.98,0.47,5
816,2020-06-08,알테오젠,196170,125741,1213.1,38.19,9924.75,27572.44,0.46,2
817,2020-06-09,알테오젠,196170,119439,1204.2,38.94,9953.75,27272.3,0.5,1
818,2020-06-10,알테오젠,196170,115237,1197.7,39.6,10020.35,26989.99,0.49,1
819,2020-06-11,알테오젠,196170,114537,1194.4,36.34,9492.73,25128.17,0.49,1
820,2020-06-12,알테오젠,196170,118288,1192.8,36.26,9588.81,25605.54,0.46,0
821,2020-06-15,알테오젠,196170,108535,1206.6,37.12,9726.02,25763.16,0.46,1
822,2020-06-16,알테오젠,196170,116738,1210.8,38.38,9895.87,26289.98,0.46,0
823,2020-06-17,알테오젠,196170,118388,1206.6,37.96,9910.53,26119.61,0.47,0
824,2020-06-18,알테오젠,196170,130042,1214.5,38.84,9943.05,26080.1,0.46,1
825,2020-06-19,알테오젠,196170,133543,1213.0,39.75,9946.12,25871.46,0.46,1
826,2020-06-22,알테오젠,196170,167754,1212.0,40.46,10056.47,26024.96,0.47,5
827,2020-06-23,알테오젠,196170,165053,1213.2,40.37,10131.37,26156.1,0.47,2
828,2020-06-24,알테오젠,196170,142146,1210.1,38.01,9909.17,25445.94,0.48,10
829,2020-06-25,알테오젠,196170,141546,1202.9,38.72,10017.0,25745.6,0.47,3
830,2020-06-26,알테오젠,196170,142046,1205.2,38.49,9757.22,25015.55,0.5,1
831,2020-06-29,알테오젠,196170,130242,1198.6,39.7,9874.15,25595.8,0.49,2
832,2020-06-30,알테오젠,196170,133293,1200.7,39.27,10058.76,25812.88,0.57,2
833,2020-07-01,알테오젠,196170,127591,1198.5,39.82,10154.63,25734.97,0.48,3
834,2020-07-02,알테오젠,196170,123340,1201.6,40.65,10207.63,25827.36,0.47,2
835,2020-07-06,알테오젠,196170,137044,1200.4,40.63,10433.65,26287.03,0.49,0
836,2020-07-07,알테오젠,196170,140546,1196.8,40.62,10343.89,25890.18,0.45,3
837,2020-07-08,알테오젠,196170,146597,1192.9,40.9,10492.5,26067.28,0.48,3
838,2020-07-09,알테오젠,196170,146998,1195.8,39.62,10547.75,25706.09,0.48,0
839,2020-07-10,알테오젠,196170,146998,1194.5,39.62,10617.44,26075.3,0.49,3
840,2020-07-13,알테오젠,196170,142096,1202.4,40.1,10390.84,26085.8,0.5,0
841,2020-07-14,알테오젠,196170,142246,1200.3,40.29,10488.58,26642.59,0.48,0
842,2020-07-15,알테오젠,196170,143947,1206.4,41.2,10550.49,26870.1,0.47,0
843,2020-07-16,알테오젠,196170,143797,1200.7,40.75,10473.83,26734.71,0.49,0
844,2020-07-17,알테오젠,196170,143146,1204.1,40.59,10503.19,26671.95,0.46,0
845,2020-07-20,알테오젠,196170,142796,1205.7,40.81,10767.09,26680.87,0.44,0
846,2020-07-21,알테오젠,196170,149849,1203.7,41.96,10680.36,26840.4,0.46,0
847,2020-07-22,알테오젠,196170,154400,1198.1,41.9,10706.13,27005.84,0.45,1
848,2020-02-14,에스퓨얼셀,288620,20950,1181.5,52.05,9731.18,29398.08,1.24,0
849,2020-02-18,에스퓨얼셀,288620,21400,1182.2,52.05,9732.74,29232.19,1.23,0
850,2020-02-19,에스퓨얼셀,288620,23500,1188.1,53.29,9817.18,29348.03,1.24,0
851,2020-02-20,에스퓨얼셀,288620,24900,1190.8,53.78,9750.97,29219.98,1.23,0
852,2020-02-21,에스퓨얼셀,288620,23900,1197.0,53.38,9576.59,28992.41,1.23,0
853,2020-02-24,에스퓨얼셀,288620,23200,1205.6,51.43,9221.28,27960.8,1.24,0
854,2020-02-25,에스퓨얼셀,288620,23700,1217.7,49.9,8965.61,27081.36,1.25,0
855,2020-02-26,에스퓨얼셀,288620,22850,1212.7,48.73,8980.77,26957.59,1.25,0
856,2020-02-27,에스퓨얼셀,288620,20950,1216.8,47.09,8566.48,25766.64,1.23,0
857,2020-02-28,에스퓨얼셀,288620,19000,1215.9,44.76,8567.37,25409.36,1.26,0
858,2020-03-02,에스퓨얼셀,288620,19650,1215.3,46.75,8952.17,26703.32,1.26,0
859,2020-03-03,에스퓨얼셀,288620,20100,1200.3,47.18,8684.09,25917.41,1.26,0
860,2020-03-04,에스퓨얼셀,288620,20700,1191.4,46.78,9018.09,27090.86,1.25,0
861,2020-03-05,에스퓨얼셀,288620,21000,1186.4,45.9,8738.59,26121.28,1.25,0
862,2020-03-06,에스퓨얼셀,288620,20350,1185.0,41.28,8575.62,25864.78,1.24,0
863,2020-03-09,에스퓨얼셀,288620,18550,1191.4,31.13,7950.68,23851.02,1.26,0
864,2020-03-10,에스퓨얼셀,288620,18750,1201.4,34.36,8344.25,25018.16,1.25,0
865,2020-03-11,에스퓨얼셀,288620,17550,1196.7,32.98,7952.05,23553.22,1.24,0
866,2020-03-12,에스퓨얼셀,288620,15900,1192.8,31.5,7201.8,21200.62,1.25,0
867,2020-03-13,에스퓨얼셀,288620,14600,1202.0,31.73,7874.88,23185.62,1.25,0
868,2020-03-16,에스퓨얼셀,288620,13300,1222.2,28.7,6904.59,20188.52,1.27,2
869,2020-03-17,에스퓨얼셀,288620,13300,1219.6,26.95,7334.78,21237.38,0.76,0
870,2020-03-18,에스퓨얼셀,288620,12200,1241.2,20.37,6989.84,19898.92,0.73,0
871,2020-03-19,에스퓨얼셀,288620,9930,1237.8,25.22,7150.58,20087.19,0.72,0
872,2020-03-20,에스퓨얼셀,288620,11100,1280.1,22.43,6879.52,19173.98,0.73,1
873,2020-03-23,에스퓨얼셀,288620,10000,1254.1,23.36,6860.67,18591.93,0.73,0
874,2020-03-24,에스퓨얼셀,288620,11400,1274.6,24.01,7417.86,20704.91,0.72,0
875,2020-03-25,에스퓨얼셀,288620,12200,1256.0,24.49,7384.29,21200.55,0.73,0
876,2020-03-26,에스퓨얼셀,288620,12500,1230.7,22.6,7797.54,22552.17,0.73,0
877,2020-03-27,에스퓨얼셀,288620,12250,1227.9,21.51,7502.38,21636.78,0.75,0
878,2020-03-30,에스퓨얼셀,288620,12450,1212.4,20.09,7774.15,22327.48,0.76,0
879,2020-03-31,에스퓨얼셀,288620,12850,1222.6,20.48,7700.1,21917.16,0.8,0
880,2020-04-01,에스퓨얼셀,288620,12900,1220.0,20.31,7360.58,20943.51,0.76,0
881,2020-04-02,에스퓨얼셀,288620,13300,1222.2,25.32,7487.31,21413.44,0.74,0
882,2020-04-03,에스퓨얼셀,288620,13850,1237.6,28.34,7373.08,21052.53,0.73,0
883,2020-04-06,에스퓨얼셀,288620,14100,1229.8,26.08,7913.24,22679.99,0.75,0
884,2020-04-07,에스퓨얼셀,288620,15300,1233.4,23.63,7887.26,22653.86,0.74,0
885,2020-04-08,에스퓨얼셀,288620,14950,1222.4,25.09,8090.9,23433.57,0.73,0
886,2020-04-09,에스퓨얼셀,288620,15500,1219.7,22.76,8153.58,23719.37,0.73,0
887,2020-04-13,에스퓨얼셀,288620,14100,1212.3,22.41,8192.42,23390.77,0.75,0
888,2020-04-14,에스퓨얼셀,288620,15050,1218.7,20.11,8515.74,23949.76,0.74,0
889,2020-04-16,에스퓨얼셀,288620,16200,1216.7,19.87,8532.36,23537.68,0.73,1
890,2020-04-17,에스퓨얼셀,288620,18200,1227.5,18.27,8650.14,24242.49,0.74,3
891,2020-04-20,에스퓨얼셀,288620,19200,1219.3,-37.63,8560.73,23650.44,0.75,0
892,2020-04-21,에스퓨얼셀,288620,18600,1218.7,10.01,8263.23,23018.88,0.75,0
893,2020-04-22,에스퓨얼셀,288620,18350,1231.3,13.78,8495.38,23475.82,0.74,0
894,2020-04-23,에스퓨얼셀,288620,19000,1235.2,16.5,8494.75,23515.26,0.74,0
895,2020-04-24,에스퓨얼셀,288620,18250,1232.0,16.94,8634.52,23775.27,0.74,0
896,2020-04-27,에스퓨얼셀,288620,18350,1235.8,12.78,8730.16,24133.78,0.73,0
897,2020-04-28,에스퓨얼셀,288620,18150,1230.3,12.34,8607.73,24101.55,0.73,0
898,2020-04-29,에스퓨얼셀,288620,18100,1225.2,15.06,8914.71,24633.86,0.76,0
899,2020-05-04,에스퓨얼셀,288620,17900,1218.5,20.39,8710.71,23749.76,0.71,0
900,2020-05-06,에스퓨얼셀,288620,18300,1227.8,23.99,8854.39,23664.64,0.72,0
901,2020-05-07,에스퓨얼셀,288620,18450,1223.3,23.99,8979.66,23875.89,0.71,0
902,2020-05-08,에스퓨얼셀,288620,19000,1226.5,24.74,9121.32,24331.32,0.72,0
903,2020-05-11,에스퓨얼셀,288620,19050,1217.7,24.14,9192.34,24221.99,0.73,0
904,2020-05-12,에스퓨얼셀,288620,18650,1217.8,25.78,9002.55,23764.78,0.73,0
905,2020-05-13,에스퓨얼셀,288620,19150,1226.7,25.29,8863.17,23247.97,0.72,0
906,2020-05-14,에스퓨얼셀,288620,18900,1226.3,27.56,8943.72,23625.34,0.72,0
907,2020-05-15,에스퓨얼셀,288620,19450,1227.9,29.43,9014.56,23685.42,0.71,0
908,2020-05-18,에스퓨얼셀,288620,19950,1229.3,31.82,9234.83,24597.37,0.71,0
909,2020-05-19,에스퓨얼셀,288620,20000,1231.6,32.5,9185.1,24206.86,0.73,0
910,2020-05-20,에스퓨얼셀,288620,20150,1224.5,33.49,9375.78,24575.9,0.72,0
911,2020-05-21,에스퓨얼셀,288620,21500,1227.8,33.92,9284.88,24474.12,0.73,0
912,2020-05-22,에스퓨얼셀,288620,20400,1230.7,33.25,9324.59,24465.16,0.72,0
913,2020-05-26,에스퓨얼셀,288620,21950,1242.0,34.35,9340.22,24995.11,0.72,0
914,2020-05-27,에스퓨얼셀,288620,22700,1237.1,32.81,9412.36,25548.27,0.74,0
915,2020-05-28,에스퓨얼셀,288620,21200,1233.7,33.71,9368.99,25400.64,0.49,0
916,2020-05-29,에스퓨얼셀,288620,21800,1239.4,35.49,9489.87,25383.11,0.49,0
917,2020-06-01,에스퓨얼셀,288620,21950,1237.6,35.44,9552.05,25475.02,0.49,0
918,2020-06-02,에스퓨얼셀,288620,21800,1227.8,36.81,9608.38,25742.65,0.47,0
919,2020-06-03,에스퓨얼셀,288620,21550,1224.1,37.29,9682.91,26269.89,0.47,0
920,2020-06-04,에스퓨얼셀,288620,21500,1216.9,37.41,9615.81,26281.82,0.46,2
921,2020-06-05,에스퓨얼셀,288620,21350,1217.4,39.55,9814.08,27110.98,0.47,0
922,2020-06-08,에스퓨얼셀,288620,21500,1213.1,38.19,9924.75,27572.44,0.46,0
923,2020-06-09,에스퓨얼셀,288620,21650,1204.2,38.94,9953.75,27272.3,0.5,0
924,2020-06-10,에스퓨얼셀,288620,21750,1197.7,39.6,10020.35,26989.99,0.49,0
925,2020-06-11,에스퓨얼셀,288620,28250,1194.4,36.34,9492.73,25128.17,0.49,5
926,2020-06-12,에스퓨얼셀,288620,32000,1192.8,36.26,9588.81,25605.54,0.46,4
927,2020-06-15,에스퓨얼셀,288620,27900,1206.6,37.12,9726.02,25763.16,0.46,1
928,2020-06-16,에스퓨얼셀,288620,30200,1210.8,38.38,9895.87,26289.98,0.46,0
929,2020-06-17,에스퓨얼셀,288620,32500,1206.6,37.96,9910.53,26119.61,0.47,0
930,2020-06-18,에스퓨얼셀,288620,31550,1214.5,38.84,9943.05,26080.1,0.46,0
931,2020-06-19,에스퓨얼셀,288620,30400,1213.0,39.75,9946.12,25871.46,0.46,0
932,2020-06-22,에스퓨얼셀,288620,31700,1212.0,40.46,10056.47,26024.96,0.47,0
933,2020-06-23,에스퓨얼셀,288620,41200,1213.2,40.37,10131.37,26156.1,0.47,5
934,2020-06-24,에스퓨얼셀,288620,44500,1210.1,38.01,9909.17,25445.94,0.48,2
935,2020-06-25,에스퓨얼셀,288620,44600,1202.9,38.72,10017.0,25745.6,0.47,1
936,2020-06-26,에스퓨얼셀,288620,42900,1205.2,38.49,9757.22,25015.55,0.5,1
937,2020-06-29,에스퓨얼셀,288620,41000,1198.6,39.7,9874.15,25595.8,0.49,0
938,2020-06-30,에스퓨얼셀,288620,44000,1200.7,39.27,10058.76,25812.88,0.57,0
939,2020-07-01,에스퓨얼셀,288620,40700,1198.5,39.82,10154.63,25734.97,0.48,0
940,2020-07-02,에스퓨얼셀,288620,40850,1201.6,40.65,10207.63,25827.36,0.47,0
941,2020-07-06,에스퓨얼셀,288620,42500,1200.4,40.63,10433.65,26287.03,0.49,0
942,2020-07-07,에스퓨얼셀,288620,43250,1196.8,40.62,10343.89,25890.18,0.45,0
943,2020-07-08,에스퓨얼셀,288620,42900,1192.9,40.9,10492.5,26067.28,0.48,0
944,2020-07-09,에스퓨얼셀,288620,44300,1195.8,39.62,10547.75,25706.09,0.48,0
945,2020-07-10,에스퓨얼셀,288620,44450,1194.5,39.62,10617.44,26075.3,0.49,0
946,2020-07-13,에스퓨얼셀,288620,52600,1202.4,40.1,10390.84,26085.8,0.5,5
947,2020-07-14,에스퓨얼셀,288620,46500,1200.3,40.29,10488.58,26642.59,0.48,0
948,2020-07-15,에스퓨얼셀,288620,46600,1206.4,41.2,10550.49,26870.1,0.47,2
949,2020-07-16,에스퓨얼셀,288620,47050,1200.7,40.75,10473.83,26734.71,0.49,0
950,2020-07-17,에스퓨얼셀,288620,47200,1204.1,40.59,10503.19,26671.95,0.46,0
951,2020-07-20,에스퓨얼셀,288620,47300,1205.7,40.81,10767.09,26680.87,0.44,2
952,2020-07-21,에스퓨얼셀,288620,48800,1203.7,41.96,10680.36,26840.4,0.46,0
953,2020-07-22,에스퓨얼셀,288620,47800,1198.1,41.9,10706.13,27005.84,0.45,0
954,2020-02-14,상아프론테크,89980,17750,1181.5,52.05,9731.18,29398.08,1.24,0
955,2020-02-18,상아프론테크,89980,17400,1182.2,52.05,9732.74,29232.19,1.23,0
956,2020-02-19,상아프론테크,89980,17150,1188.1,53.29,9817.18,29348.03,1.24,0
957,2020-02-20,상아프론테크,89980,17250,1190.8,53.78,9750.97,29219.98,1.23,0
958,2020-02-21,상아프론테크,89980,16450,1197.0,53.38,9576.59,28992.41,1.23,1
959,2020-02-24,상아프론테크,89980,15600,1205.6,51.43,9221.28,27960.8,1.24,0
960,2020-02-25,상아프론테크,89980,16000,1217.7,49.9,8965.61,27081.36,1.25,0
961,2020-02-26,상아프론테크,89980,16100,1212.7,48.73,8980.77,26957.59,1.25,0
962,2020-02-27,상아프론테크,89980,15250,1216.8,47.09,8566.48,25766.64,1.23,0
963,2020-02-28,상아프론테크,89980,14150,1215.9,44.76,8567.37,25409.36,1.26,0
964,2020-03-02,상아프론테크,89980,14850,1215.3,46.75,8952.17,26703.32,1.26,0
965,2020-03-03,상아프론테크,89980,14850,1200.3,47.18,8684.09,25917.41,1.26,0
966,2020-03-04,상아프론테크,89980,15350,1191.4,46.78,9018.09,27090.86,1.25,0
967,2020-03-05,상아프론테크,89980,15500,1186.4,45.9,8738.59,26121.28,1.25,0
968,2020-03-06,상아프론테크,89980,15200,1185.0,41.28,8575.62,25864.78,1.24,0
969,2020-03-09,상아프론테크,89980,14250,1191.4,31.13,7950.68,23851.02,1.26,0
970,2020-03-10,상아프론테크,89980,14450,1201.4,34.36,8344.25,25018.16,1.25,0
971,2020-03-11,상아프론테크,89980,13350,1196.7,32.98,7952.05,23553.22,1.24,0
972,2020-03-12,상아프론테크,89980,12450,1192.8,31.5,7201.8,21200.62,1.25,2
973,2020-03-13,상아프론테크,89980,11350,1202.0,31.73,7874.88,23185.62,1.25,0
974,2020-03-16,상아프론테크,89980,10350,1222.2,28.7,6904.59,20188.52,1.27,0
975,2020-03-17,상아프론테크,89980,10050,1219.6,26.95,7334.78,21237.38,0.76,0
976,2020-03-18,상아프론테크,89980,9490,1241.2,20.37,6989.84,19898.92,0.73,1
977,2020-03-19,상아프론테크,89980,7570,1237.8,25.22,7150.58,20087.19,0.72,0
978,2020-03-20,상아프론테크,89980,8740,1280.1,22.43,6879.52,19173.98,0.73,1
979,2020-03-23,상아프론테크,89980,8080,1254.1,23.36,6860.67,18591.93,0.73,0
980,2020-03-24,상아프론테크,89980,8840,1274.6,24.01,7417.86,20704.91,0.72,0
981,2020-03-25,상아프론테크,89980,9440,1256.0,24.49,7384.29,21200.55,0.73,0
982,2020-03-26,상아프론테크,89980,9500,1230.7,22.6,7797.54,22552.17,0.73,0
983,2020-03-27,상아프론테크,89980,9740,1227.9,21.51,7502.38,21636.78,0.75,0
984,2020-03-30,상아프론테크,89980,10100,1212.4,20.09,7774.15,22327.48,0.76,0
985,2020-03-31,상아프론테크,89980,10200,1222.6,20.48,7700.1,21917.16,0.8,0
986,2020-04-01,상아프론테크,89980,10200,1220.0,20.31,7360.58,20943.51,0.76,0
987,2020-04-02,상아프론테크,89980,11200,1222.2,25.32,7487.31,21413.44,0.74,0
988,2020-04-03,상아프론테크,89980,11550,1237.6,28.34,7373.08,21052.53,0.73,0
989,2020-04-06,상아프론테크,89980,11800,1229.8,26.08,7913.24,22679.99,0.75,0
990,2020-04-07,상아프론테크,89980,12050,1233.4,23.63,7887.26,22653.86,0.74,0
991,2020-04-08,상아프론테크,89980,12350,1222.4,25.09,8090.9,23433.57,0.73,0
992,2020-04-09,상아프론테크,89980,12500,1219.7,22.76,8153.58,23719.37,0.73,0
993,2020-04-13,상아프론테크,89980,11850,1212.3,22.41,8192.42,23390.77,0.75,0
994,2020-04-14,상아프론테크,89980,12600,1218.7,20.11,8515.74,23949.76,0.74,1
995,2020-04-16,상아프론테크,89980,12900,1216.7,19.87,8532.36,23537.68,0.73,0
996,2020-04-17,상아프론테크,89980,13050,1227.5,18.27,8650.14,24242.49,0.74,0
997,2020-04-20,상아프론테크,89980,13400,1219.3,-37.63,8560.73,23650.44,0.75,0
998,2020-04-21,상아프론테크,89980,13150,1218.7,10.01,8263.23,23018.88,0.75,0
999,2020-04-22,상아프론테크,89980,13300,1231.3,13.78,8495.38,23475.82,0.74,2
1000,2020-04-23,상아프론테크,89980,13500,1235.2,16.5,8494.75,23515.26,0.74,0
1001,2020-04-24,상아프론테크,89980,13650,1232.0,16.94,8634.52,23775.27,0.74,0
1002,2020-04-27,상아프론테크,89980,13700,1235.8,12.78,8730.16,24133.78,0.73,0
1003,2020-04-28,상아프론테크,89980,13300,1230.3,12.34,8607.73,24101.55,0.73,2
1004,2020-04-29,상아프론테크,89980,13400,1225.2,15.06,8914.71,24633.86,0.76,0
1005,2020-05-04,상아프론테크,89980,13100,1218.5,20.39,8710.71,23749.76,0.71,0
1006,2020-05-06,상아프론테크,89980,13300,1227.8,23.99,8854.39,23664.64,0.72,0
1007,2020-05-07,상아프론테크,89980,13300,1223.3,23.99,8979.66,23875.89,0.71,0
1008,2020-05-08,상아프론테크,89980,13450,1226.5,24.74,9121.32,24331.32,0.72,0
1009,2020-05-11,상아프론테크,89980,13200,1217.7,24.14,9192.34,24221.99,0.73,0
1010,2020-05-12,상아프론테크,89980,13400,1217.8,25.78,9002.55,23764.78,0.73,0
1011,2020-05-13,상아프론테크,89980,14150,1226.7,25.29,8863.17,23247.97,0.72,1
1012,2020-05-14,상아프론테크,89980,13850,1226.3,27.56,8943.72,23625.34,0.72,0
1013,2020-05-15,상아프론테크,89980,13800,1227.9,29.43,9014.56,23685.42,0.71,0
1014,2020-05-18,상아프론테크,89980,14200,1229.3,31.82,9234.83,24597.37,0.71,0
1015,2020-05-19,상아프론테크,89980,14250,1231.6,32.5,9185.1,24206.86,0.73,0
1016,2020-05-20,상아프론테크,89980,14700,1224.5,33.49,9375.78,24575.9,0.72,0
1017,2020-05-21,상아프론테크,89980,15400,1227.8,33.92,9284.88,24474.12,0.73,1
1018,2020-05-22,상아프론테크,89980,15150,1230.7,33.25,9324.59,24465.16,0.72,0
1019,2020-05-26,상아프론테크,89980,17450,1242.0,34.35,9340.22,24995.11,0.72,1
1020,2020-05-27,상아프론테크,89980,18000,1237.1,32.81,9412.36,25548.27,0.74,0
1021,2020-05-28,상아프론테크,89980,16950,1233.7,33.71,9368.99,25400.64,0.49,0
1022,2020-05-29,상아프론테크,89980,17600,1239.4,35.49,9489.87,25383.11,0.49,0
1023,2020-06-01,상아프론테크,89980,17650,1237.6,35.44,9552.05,25475.02,0.49,0
1024,2020-06-02,상아프론테크,89980,17400,1227.8,36.81,9608.38,25742.65,0.47,0
1025,2020-06-03,상아프론테크,89980,17700,1224.1,37.29,9682.91,26269.89,0.47,0
1026,2020-06-04,상아프론테크,89980,17200,1216.9,37.41,9615.81,26281.82,0.46,0
1027,2020-06-05,상아프론테크,89980,17350,1217.4,39.55,9814.08,27110.98,0.47,0
1028,2020-06-08,상아프론테크,89980,17100,1213.1,38.19,9924.75,27572.44,0.46,0
1029,2020-06-09,상아프론테크,89980,19000,1204.2,38.94,9953.75,27272.3,0.5,3
1030,2020-06-10,상아프론테크,89980,19650,1197.7,39.6,10020.35,26989.99,0.49,0
1031,2020-06-11,상아프론테크,89980,23500,1194.4,36.34,9492.73,25128.17,0.49,4
1032,2020-06-12,상아프론테크,89980,24450,1192.8,36.26,9588.81,25605.54,0.46,0
1033,2020-06-15,상아프론테크,89980,20250,1206.6,37.12,9726.02,25763.16,0.46,0
1034,2020-06-16,상아프론테크,89980,23050,1210.8,38.38,9895.87,26289.98,0.46,1
1035,2020-06-17,상아프론테크,89980,23500,1206.6,37.96,9910.53,26119.61,0.47,0
1036,2020-06-18,상아프론테크,89980,22500,1214.5,38.84,9943.05,26080.1,0.46,0
1037,2020-06-19,상아프론테크,89980,23000,1213.0,39.75,9946.12,25871.46,0.46,0
1038,2020-06-22,상아프론테크,89980,25800,1212.0,40.46,10056.47,26024.96,0.47,3
1039,2020-06-23,상아프론테크,89980,27600,1213.2,40.37,10131.37,26156.1,0.47,4
1040,2020-06-24,상아프론테크,89980,27050,1210.1,38.01,9909.17,25445.94,0.48,1
1041,2020-06-25,상아프론테크,89980,27950,1202.9,38.72,10017.0,25745.6,0.47,3
1042,2020-06-26,상아프론테크,89980,27650,1205.2,38.49,9757.22,25015.55,0.5,0
1043,2020-06-29,상아프론테크,89980,27650,1198.6,39.7,9874.15,25595.8,0.49,0
1044,2020-06-30,상아프론테크,89980,27850,1200.7,39.27,10058.76,25812.88,0.57,0
1045,2020-07-01,상아프론테크,89980,26500,1198.5,39.82,10154.63,25734.97,0.48,0
1046,2020-07-02,상아프론테크,89980,26850,1201.6,40.65,10207.63,25827.36,0.47,0
1047,2020-07-06,상아프론테크,89980,28200,1200.4,40.63,10433.65,26287.03,0.49,0
1048,2020-07-07,상아프론테크,89980,28700,1196.8,40.62,10343.89,25890.18,0.45,0
1049,2020-07-08,상아프론테크,89980,28400,1192.9,40.9,10492.5,26067.28,0.48,0
1050,2020-07-09,상아프론테크,89980,31150,1195.8,39.62,10547.75,25706.09,0.48,3
1051,2020-07-10,상아프론테크,89980,30050,1194.5,39.62,10617.44,26075.3,0.49,1
1052,2020-07-13,상아프론테크,89980,30750,1202.4,40.1,10390.84,26085.8,0.5,2
1053,2020-07-14,상아프론테크,89980,29150,1200.3,40.29,10488.58,26642.59,0.48,0
1054,2020-07-15,상아프론테크,89980,29200,1206.4,41.2,10550.49,26870.1,0.47,0
1055,2020-07-16,상아프론테크,89980,29750,1200.7,40.75,10473.83,26734.71,0.49,0
1056,2020-07-17,상아프론테크,89980,29350,1204.1,40.59,10503.19,26671.95,0.46,0
1057,2020-07-20,상아프론테크,89980,31000,1205.7,40.81,10767.09,26680.87,0.44,0
1058,2020-07-21,상아프론테크,89980,34050,1203.7,41.96,10680.36,26840.4,0.46,0
1059,2020-07-22,상아프론테크,89980,37000,1198.1,41.9,10706.13,27005.84,0.45,0
